-- phpMyAdmin SQL Dump
-- version 4.0.10deb1
-- http://www.phpmyadmin.net
--
-- Servidor: localhost
-- Tiempo de generación: 18-05-2015 a las 15:26:49
-- Versión del servidor: 5.6.19-0ubuntu0.14.04.1
-- Versión de PHP: 5.5.9-1ubuntu4.9

SET SQL_MODE = "NO_AUTO_VALUE_ON_ZERO";
SET time_zone = "+00:00";


/*!40101 SET @OLD_CHARACTER_SET_CLIENT=@@CHARACTER_SET_CLIENT */;
/*!40101 SET @OLD_CHARACTER_SET_RESULTS=@@CHARACTER_SET_RESULTS */;
/*!40101 SET @OLD_COLLATION_CONNECTION=@@COLLATION_CONNECTION */;
/*!40101 SET NAMES utf8 */;

--
-- Base de datos: `mantenedorclientes`
--

-- --------------------------------------------------------

--
-- Estructura de tabla para la tabla `tblanotacion`
--

CREATE TABLE IF NOT EXISTS `tblanotacion` (
  `idAnotacion` int(11) NOT NULL AUTO_INCREMENT,
  `idContacto` int(11) NOT NULL,
  `anotacion` varchar(1000) DEFAULT NULL,
  `idUsuario` int(11) NOT NULL,
  `created_at` timestamp NULL DEFAULT CURRENT_TIMESTAMP,
  `updated_at` timestamp NULL DEFAULT NULL ON UPDATE CURRENT_TIMESTAMP,
  PRIMARY KEY (`idAnotacion`)
) ENGINE=InnoDB  DEFAULT CHARSET=latin1 AUTO_INCREMENT=344 ;

--
-- Volcado de datos para la tabla `tblanotacion`
--

INSERT INTO `tblanotacion` (`idAnotacion`, `idContacto`, `anotacion`, `idUsuario`, `created_at`, `updated_at`) VALUES
(1, 1, '', 4, '2015-03-18 17:27:35', NULL),
(2, 2, '', 2, '2015-03-18 17:27:35', NULL),
(3, 3, '', 2, '2015-03-18 17:27:35', NULL),
(4, 4, '', 2, '2015-03-18 17:27:35', NULL),
(5, 5, '11 Mar   Alberto vendrá a la oficina el viernes 27 de marzo.', 4, '2015-03-18 17:27:35', NULL),
(6, 6, '', 2, '2015-03-18 17:27:35', NULL),
(7, 7, '', 5, '2015-03-18 17:27:35', NULL),
(8, 8, '', 2, '2015-03-18 17:27:35', NULL),
(9, 9, 'Amigo de Jurgen, hable con el viernes 27 estaba en reunión que lo llame en dos horas mas. Llame el jueves 03 de julio y no estaba', 2, '2015-03-18 17:27:35', NULL),
(10, 10, '', 2, '2015-03-18 17:27:35', NULL),
(11, 11, '', 5, '2015-03-18 17:27:35', NULL),
(12, 12, '', 2, '2015-03-18 17:27:35', NULL),
(13, 13, '11 Mar   Hoy envié nueva gráfica para el programa de Finanzas Personales. Patricio Millán debería aprobar esta semana incluír en la dictación dos cursos mas: Adm. del Tiempo y Téc. de Estudio.', 4, '2015-03-18 17:27:35', NULL),
(14, 14, '', 5, '2015-03-18 17:27:35', NULL),
(15, 15, '', 2, '2015-03-18 17:27:35', NULL),
(16, 16, '6 Ene   Reunión agendada para el viernes 20 de febrero. 19 Feb   Reunión postergada por agenda colapsada. llamar tercera semana de marzo', 4, '2015-03-18 17:27:35', NULL),
(17, 17, '', 5, '2015-03-18 17:27:35', NULL),
(18, 18, '', 4, '2015-03-18 17:27:35', NULL),
(19, 19, 'Mande email pidiendole reunión martes 17 de Junio', 2, '2015-03-18 17:27:35', NULL),
(20, 20, '', 2, '2015-03-18 17:27:35', NULL),
(21, 21, '', 2, '2015-03-18 17:27:35', NULL),
(22, 22, '06 y 18 de mayo estará fuera', 2, '2015-03-18 17:27:35', NULL),
(23, 23, '', 2, '2015-03-18 17:27:35', NULL),
(24, 24, '', 2, '2015-03-18 17:27:35', NULL),
(25, 25, '', 5, '2015-03-18 17:27:35', NULL),
(26, 26, '', 4, '2015-03-18 17:27:35', NULL),
(27, 27, 'Ingrid Vasquez es su secretaria', 2, '2015-03-18 17:27:35', NULL),
(28, 28, '', 2, '2015-03-18 17:27:35', NULL),
(29, 29, 'Reunión martes 25 a las 15:00 hrs.', 2, '2015-03-18 17:27:35', NULL),
(30, 30, 'Le envié un email pidiéndole reunión el 24 de Abril, la llame el 14 de Mayo esta con licencia contactar a Giselle', 2, '2015-03-18 17:27:35', NULL),
(31, 31, '', 2, '2015-03-18 17:27:35', NULL),
(32, 32, '16 Mar   Mail enviado hoy solicitando reunión.', 4, '2015-03-18 17:27:35', NULL),
(33, 33, '8 Ene   Reunión agendada para el viernes 9 de enero.   9 Ene   Presentaré propuesta con 6 alternativas de cursos transversales para administrativos (80) de los cuales podrán elegir 3. Eclass presentó propuesta y está liderando por la experiencia de trabajo con Consorcio.', 4, '2015-03-18 17:27:35', NULL),
(34, 34, '9 ENE   LE ENVIÉ MAIL SOLICITANDO REUNIÓN PARA LA PRÓXIMA SEMANA.', 4, '2015-03-18 17:27:35', NULL),
(35, 35, '', 2, '2015-03-18 17:27:35', NULL),
(36, 36, '', 2, '2015-03-18 17:27:35', NULL),
(37, 37, '', 2, '2015-03-18 17:27:35', NULL),
(38, 38, 'Viene el 12/03 a las 9:00 se le mostrará la plataforma', 2, '2015-03-18 17:27:35', NULL),
(39, 39, '', 4, '2015-03-18 17:27:35', NULL),
(40, 40, '', 2, '2015-03-18 17:27:35', NULL),
(41, 41, '', 2, '2015-03-18 17:27:35', NULL),
(42, 42, '', 2, '2015-03-18 17:27:35', NULL),
(43, 43, '', 2, '2015-03-18 17:27:35', NULL),
(44, 44, '', 2, '2015-03-18 17:27:35', NULL),
(45, 45, 'Se va de vacaciones, vuelve el 16 de Marzo por lo que hay que contactarla esa semana', 2, '2015-03-18 17:27:35', NULL),
(46, 46, '', 2, '2015-03-18 17:27:35', NULL),
(47, 47, '', 5, '2015-03-18 17:27:35', NULL),
(48, 48, '', 2, '2015-03-18 17:27:35', NULL),
(49, 49, '', 2, '2015-03-18 17:27:35', NULL),
(50, 50, '', 5, '2015-03-18 17:27:35', NULL),
(51, 51, '', 5, '2015-03-18 17:27:35', NULL),
(52, 52, '', 2, '2015-03-18 17:27:35', NULL),
(53, 53, '', 2, '2015-03-18 17:27:35', NULL),
(54, 54, '', 2, '2015-03-18 17:27:35', NULL),
(55, 55, '', 5, '2015-03-18 17:27:35', NULL),
(56, 56, '', 2, '2015-03-18 17:27:35', NULL),
(57, 57, '', 4, '2015-03-18 17:27:35', NULL),
(58, 58, 'Su secretaria es jesica su email es: jgutierrez@sodimac.cl', 2, '2015-03-18 17:27:35', NULL),
(59, 59, '5 Ene   Enviar mail la primera semana de febrero. En esa fecha fijaremos reunión para conversar de las necesidades de capacitación debido a que ya tendrán la DNC ok.   Reuniones el 29 de enero y 17 de febrero para presentar VGroup y obtener necesidades.   3 Mar   Presenté propuesta para Programa de Lideres. el viernes 20 de marzo vendrá Rodrigo y Claudia para conversar del programa y otras necesidades.', 4, '2015-03-18 17:27:35', NULL),
(60, 60, '16 Dic   Reunión agendada para el miércoles 24 de diciembre a las 9:30   26 Dic   Le envié Propuesta con los cursos transversales y el descriptor del curso de Mercer   20 Ene   Acceso creado para curso de Mercer, además le envié el descriptor de Trabajo en Equipo   11 Mar Me comentó que presentó programa de formación para los Jefes de tienda, 70, para realizar dos cursos: Mercer y Trabajo en Equipo. Lo debe conversar con la gerente responsable para que dé su aprobación. LLamar a fines de marzo.', 4, '2015-03-18 17:27:35', NULL),
(61, 61, '', 2, '2015-03-18 17:27:35', NULL),
(62, 62, '', 2, '2015-03-18 17:27:35', NULL),
(63, 63, '', 2, '2015-03-18 17:27:35', NULL),
(64, 64, '', 2, '2015-03-18 17:27:35', NULL),
(65, 65, '', 2, '2015-03-18 17:27:35', NULL),
(66, 66, '', 2, '2015-03-18 17:27:35', NULL),
(67, 67, '', 2, '2015-03-18 17:27:35', NULL),
(68, 68, '', 2, '2015-03-18 17:27:35', NULL),
(69, 69, '', 2, '2015-03-18 17:27:35', NULL),
(70, 70, 'A la espera de emial con el nombre de los contactos', 2, '2015-03-18 17:27:35', NULL),
(71, 71, '', 2, '2015-03-18 17:27:35', NULL),
(72, 72, '', 2, '2015-03-18 17:27:35', NULL),
(73, 73, '', 2, '2015-03-18 17:27:35', NULL),
(74, 74, '8 Ene  Reunión agendada para 11 de febrero a las 10 am.   10 Feb   Trabajaré en dos propuestas: Inducción y Calidad de Servicio.   24 Feb   Nos reunimos para presentar propuestas. Inducción ok y Servicio mutará a programa tipo escuela de servicio. 10 Mar   Le envié estructura de programa de calidad de servicio para que me de su feedback y trabajar en la propuesta comercial.', 4, '2015-03-18 17:27:35', NULL),
(75, 75, '', 2, '2015-03-18 17:27:35', NULL),
(76, 76, '8 Ene   Conversamos por teléfono y quedamos en que le enviaría la presentación de VGroup. Cdo esté en Stgo nos reuniremos.   11 Mar   Reunión agendada para 17 de marzo 9 am.', 4, '2015-03-18 17:27:35', NULL),
(77, 77, '8 Ene   Reunión agendada para el viernes 9 de enero.   9 Ene   Presentaré propuesta con 6 alternativas de cursos transversales para administrativos (80) de los cuales podrán elegir 3. Eclass presentó propuesta y está liderando por la experiencia de trabajo con Consorcio.', 4, '2015-03-18 17:27:35', NULL),
(78, 78, '5 Ene   Mail enviado solicitando reunión', 4, '2015-03-18 17:27:35', NULL),
(79, 79, 'Reunión 17 de Julio', 2, '2015-03-18 17:27:35', NULL),
(80, 80, 'Se le mando email el 22 de Julio pidiéndole información mas concreta para hacerle la propuesta que necesita.', 2, '2015-03-18 17:27:35', NULL),
(81, 81, '', 2, '2015-03-18 17:27:35', NULL),
(82, 82, '', 5, '2015-03-18 17:27:35', NULL),
(83, 83, 'Amigo de Jurgen, le mande emial pidiendole reunión el 27 de junio. No mandarle mas infografías.', 2, '2015-03-18 17:27:35', NULL),
(84, 84, '', 2, '2015-03-18 17:27:35', NULL),
(85, 85, '', 2, '2015-03-18 17:27:35', NULL),
(86, 86, '', 2, '2015-03-18 17:27:35', NULL),
(87, 87, 'Reunión agendad por Pablo Kazes', 2, '2015-03-18 17:27:35', NULL),
(88, 88, '', 2, '2015-03-18 17:27:35', NULL),
(89, 89, 'Se le envio email pidiendo reunion el 05 de Marzo', 2, '2015-03-18 17:27:35', NULL),
(90, 90, '', 2, '2015-03-18 17:27:35', NULL),
(91, 91, '', 5, '2015-03-18 17:27:35', NULL),
(92, 92, '8 ENE   REUNION AGENDADA PARA LUNES 19 DE ENERO. PREGUNTAR POR CURSOS CORTOS PARA LOS DISTRIBUIDORES POR EL USO DE MA MAQUINA.', 4, '2015-03-18 17:27:35', NULL),
(93, 93, '', 5, '2015-03-18 17:27:35', NULL),
(94, 94, '', 2, '2015-03-18 17:27:35', NULL),
(95, 95, '', 2, '2015-03-18 17:27:35', NULL),
(96, 96, '16 Dic   En Dole no hay encargado de capacitación, cuando las necesitan, internamente averiguan donde las pueden hacer. Le enviaré mail a Gte RRHH que se incorporó hace pocos días.   8 Ene   Envié nuevo mail solicitando reunión.   14 Ene   Reunión concretada. Le enviaré propuesta para curso de prevención de riesgos para 60 personas del corporativo y curso de Mercer para 30 ejecutivos.', 4, '2015-03-18 17:27:35', NULL),
(97, 97, 'Se le mando eñ último email el 22 de Julio', 2, '2015-03-18 17:27:35', NULL),
(98, 98, '', 2, '2015-03-18 17:27:35', NULL),
(99, 99, '8 Ene   Conversé telefónicamente y están haciendo un estudio de los actuales proveedores. Me pidió llamar a Angélica Cruz para coordinar reunión.   20 Ene   Reunión agendada para el 21 de enero 9:30   17 Ene   Le envié propuesta de curso Trabajo en Equipo más jornada en Santa Martina.   3 Mar   A la fecha los presupuestos de capacitación no han sido liberados.', 4, '2015-03-18 17:27:35', NULL),
(100, 100, 'Reunión 06/03 a las 10:00 - Enviar propuesta', 2, '2015-03-18 17:27:35', NULL),
(101, 101, '', 2, '2015-03-18 17:27:35', NULL),
(102, 102, '', 5, '2015-03-18 17:27:35', NULL),
(103, 103, '5 Ene   Mail enviado solicitando reunión', 4, '2015-03-18 17:27:35', NULL),
(104, 104, 'Me va a contactar ella para el segundo semestre cuando tenga claridad de los temas', 2, '2015-03-18 17:27:35', NULL),
(105, 105, 'Se fué de la empresa', 2, '2015-03-18 17:27:35', NULL),
(106, 106, '', 2, '2015-03-18 17:27:35', NULL),
(107, 107, '', 2, '2015-03-18 17:27:35', NULL),
(108, 108, '', 5, '2015-03-18 17:27:35', NULL),
(109, 109, '', 2, '2015-03-18 17:27:35', NULL),
(110, 110, '', 2, '2015-03-18 17:27:35', NULL),
(111, 111, '', 2, '2015-03-18 17:27:35', NULL),
(112, 112, '', 5, '2015-03-18 17:27:35', NULL),
(113, 113, '11 Mar   Reunión agendada para miercoles 18 de marzo 9 am.', 4, '2015-03-18 17:27:35', NULL),
(114, 114, 'Reunión 04 de Marzo - enviar propuesta', 2, '2015-03-18 17:27:35', NULL),
(115, 115, '', 2, '2015-03-18 17:27:35', NULL),
(116, 116, '', 2, '2015-03-18 17:27:35', NULL),
(117, 117, 'Reunión quedamos de cordinar desayuno en nuestras oficinas para ver diferentes alternativas de propuestas', 2, '2015-03-18 17:27:35', NULL),
(118, 118, '', 2, '2015-03-18 17:27:35', NULL),
(119, 119, 'Se envió emial pidiendo reunión el 9 de Marzo', 2, '2015-03-18 17:27:35', NULL),
(120, 120, '', 2, '2015-03-18 17:27:35', NULL),
(121, 121, '', 2, '2015-03-18 17:27:35', NULL),
(122, 122, '', 2, '2015-03-18 17:27:35', NULL),
(123, 123, 'email enviado el 14 de Mayo', 2, '2015-03-18 17:27:35', NULL),
(124, 124, '', 2, '2015-03-18 17:27:35', NULL),
(125, 125, '', 2, '2015-03-18 17:27:35', NULL),
(126, 126, '', 2, '2015-03-18 17:27:35', NULL),
(127, 127, '', 2, '2015-03-18 17:27:35', NULL),
(128, 128, '16 Dic   Contacto solicita curso de Cálculo de Finiquito. Por la época del año no puede dar reuniones, sin embargo, solicita q le envíe presentación para evaluar posible reunión más adelante. hecho.', 4, '2015-03-18 17:27:35', NULL),
(129, 129, '', 2, '2015-03-18 17:27:35', NULL),
(130, 130, '', 2, '2015-03-18 17:27:35', NULL),
(131, 131, '', 5, '2015-03-18 17:27:35', NULL),
(132, 132, 'Llamar lunes 7 ', 2, '2015-03-18 17:27:35', NULL),
(133, 133, '', 2, '2015-03-18 17:27:35', NULL),
(134, 134, '', 2, '2015-03-18 17:27:35', NULL),
(135, 135, '', 2, '2015-03-18 17:27:35', NULL),
(136, 136, 'Hable con el, el 15 de Mayo y me pidió le enviara la presentación para evaluarla. Hacen todo presencial.', 2, '2015-03-18 17:27:35', NULL),
(137, 137, '', 5, '2015-03-18 17:27:35', NULL),
(138, 138, 'Le mande un email el 30 de Abril para pedirle reunión', 2, '2015-03-18 17:27:35', NULL),
(139, 139, '', 5, '2015-03-18 17:27:35', NULL),
(140, 140, '', 2, '2015-03-18 17:27:35', NULL),
(141, 141, '', 2, '2015-03-18 17:27:35', NULL),
(142, 142, '', 2, '2015-03-18 17:27:35', NULL),
(143, 143, 'De parte de Sergio Sepúlveda', 2, '2015-03-18 17:27:35', NULL),
(144, 144, '', 2, '2015-03-18 17:27:35', NULL),
(145, 145, '', 2, '2015-03-18 17:27:35', NULL),
(146, 146, '9 Mar   Llamar el 19 de marzo para agendar reunión', 4, '2015-03-18 17:27:35', NULL),
(147, 147, '', 2, '2015-03-18 17:27:35', NULL),
(148, 148, '', 2, '2015-03-18 17:27:35', NULL),
(149, 149, '', 2, '2015-03-18 17:27:35', NULL),
(150, 150, 'El 29 de Mayo se le hizo una nueva propuesta para el curso servicio a cliente', 2, '2015-03-18 17:27:35', NULL),
(151, 151, 'Llamar a mediados de Agosto ', 4, '2015-03-18 17:27:35', NULL),
(152, 152, '', 2, '2015-03-18 17:27:35', NULL),
(153, 153, 'Le mande emial invitándola a tomar desayuno el 09 de Mayo. Le mande email el 14 de Mayo nuevamente', 2, '2015-03-18 17:27:35', NULL),
(154, 154, '', 5, '2015-03-18 17:27:35', NULL),
(155, 155, '', 2, '2015-03-18 17:27:35', NULL),
(156, 156, '', 2, '2015-03-18 17:27:35', NULL),
(157, 157, 'Tienen plataforma propia le mande un email porque quedo de contactarme con la eprsona que ve los temas de su plataforma. Actualmente trabajan con open latinoamerica.', 2, '2015-03-18 17:27:35', NULL),
(158, 158, '', 4, '2015-03-18 17:27:35', NULL),
(159, 159, '', 4, '2015-03-18 17:27:35', NULL),
(160, 160, '11 Mar   Sugiere contactar a María Luisa Pradenas , Encargada de Capacitación.', 4, '2015-03-18 17:27:35', NULL),
(161, 161, '', 2, '2015-03-18 17:27:35', NULL),
(162, 162, '', 5, '2015-03-18 17:27:35', NULL),
(163, 163, 'Reunión el 12/03 a las 12:00 Hacer propuesta para 60 operarios 100% sence en temas de servicio al cliente', 2, '2015-03-18 17:27:35', NULL),
(164, 164, '', 2, '2015-03-18 17:27:35', NULL),
(165, 165, '', 2, '2015-03-18 17:27:35', NULL),
(166, 166, '', 2, '2015-03-18 17:27:35', NULL),
(167, 167, '', 2, '2015-03-18 17:27:35', NULL),
(168, 168, '', 2, '2015-03-18 17:27:35', NULL),
(169, 169, '', 2, '2015-03-18 17:27:35', NULL),
(170, 170, '', 2, '2015-03-18 17:27:35', NULL),
(171, 171, '', 2, '2015-03-18 17:27:35', NULL),
(172, 172, '', 2, '2015-03-18 17:27:35', NULL),
(173, 173, '', 2, '2015-03-18 17:27:35', NULL),
(174, 174, '', 2, '2015-03-18 17:27:35', NULL),
(175, 175, 'De parte de Enrique Ríos - Gte. de comunicaciones', 2, '2015-03-18 17:27:35', NULL),
(176, 176, '', 2, '2015-03-18 17:27:35', NULL),
(177, 177, '6 Ene   Marcelo saldrá de vacaciones la proxima semana. LLamar el 6 de febrero para fijar reunión. Me comentó que el 80% de las capacitaciones de Enaex son de caracter técnico y se desarrollande manera presencial.', 4, '2015-03-18 17:27:35', NULL),
(178, 178, '', 2, '2015-03-18 17:27:35', NULL),
(179, 179, 'Llamar a fines de Julio para reunirnos', 5, '2015-03-18 17:27:35', NULL),
(180, 180, 'Se envió email el 24 de Junio pidiendole reunión.', 2, '2015-03-18 17:27:35', NULL),
(181, 181, '5 ENE   MAIL ENVIADO SOLICITANDO REUNION', 4, '2015-03-18 17:27:35', NULL),
(182, 182, 'Esther de la Cuadra 223911300', 4, '2015-03-18 17:27:35', NULL),
(183, 183, '', 2, '2015-03-18 17:27:35', NULL),
(184, 184, '', 2, '2015-03-18 17:27:35', NULL),
(185, 185, '13 Ene   Reunión agendada para 6 de febrero.   5 Feb   Anuló reunión pq ese día sale de vacaciones y está con muchos temas pendientes.   9 Mar   No responde email para reagendar reunión.', 4, '2015-03-18 17:27:35', NULL),
(186, 186, '13 Ene LLamar en abril. Soledad Vallejos señala que hasta marzo estará definiendo el plan de capacitación y recién en abril podrá juntarse con proveedores. Su asistente se fue y aún está buscando reemplazo.', 4, '2015-03-18 17:27:35', NULL),
(187, 187, '', 2, '2015-03-18 17:27:35', NULL),
(188, 188, '', 2, '2015-03-18 17:27:35', NULL),
(189, 189, '12 Mar   Reunión agendada para lunes 16 a las 11:30 am   16 Mar   En reunión me enteré que Mario Vial es el responsable de capacitación de Principal y Cuprum (Apoquindo-Bandera). Este año trabajarán en una plataforma con "a un click" quien desarrollará los cursos internos junto a los cursos de inglés que trabajarán con eClass.', 4, '2015-03-18 17:27:35', NULL),
(190, 190, '', 2, '2015-03-18 17:27:35', NULL),
(191, 191, '', 5, '2015-03-18 17:27:35', NULL),
(192, 192, '', 2, '2015-03-18 17:27:35', NULL),
(193, 193, '', 2, '2015-03-18 17:27:35', NULL),
(194, 194, '11 Mar   Reunión agendada para viernes 13 a las 10 am.', 4, '2015-03-18 17:27:35', NULL),
(195, 195, '', 4, '2015-03-18 17:27:35', NULL),
(196, 196, '', 2, '2015-03-18 17:27:35', NULL),
(197, 197, '', 4, '2015-03-18 17:27:35', NULL),
(198, 198, 'Llamar en dos semanas mas a principios de Abril', 2, '2015-03-18 17:27:35', NULL),
(199, 199, '', 2, '2015-03-18 17:27:35', NULL),
(200, 200, '', 5, '2015-03-18 17:27:35', NULL),
(201, 201, '', 2, '2015-03-18 17:27:35', NULL),
(202, 202, '', 5, '2015-03-18 17:27:35', NULL),
(203, 203, 'Llamar después de semasna santa alrededor del 15 de Abril ya que está full con temas de bonos y clases presenciales', 2, '2015-03-18 17:27:35', NULL),
(204, 204, '', 2, '2015-03-18 17:27:35', NULL),
(205, 205, '', 2, '2015-03-18 17:27:35', NULL),
(206, 206, 'Lo llame el 09 de Mayo y aún no han definido el tema está stand by quedo de ir contándome', 2, '2015-03-18 17:27:35', NULL),
(207, 207, 'Se le envió email el 21 de Marzo pidiéndole reunión', 2, '2015-03-18 17:27:35', NULL),
(208, 208, '', 2, '2015-03-18 17:27:35', NULL),
(209, 209, 'Marcela Paredes: Secretaria', 5, '2015-03-18 17:27:35', NULL),
(210, 210, 'Llamar en Agosto para retomar el tema', 2, '2015-03-18 17:27:35', NULL),
(211, 211, '', 5, '2015-03-18 17:27:35', NULL),
(212, 212, '16 Dic   Reunión agendada para el lunes 22 de diciembre a las 9 am.', 4, '2015-03-18 17:27:35', NULL),
(213, 213, '10 Mar   Solicité reunión por teléfono y me pidió que le enviara mail a Jaimy con copia a Paola. Hecho.', 4, '2015-03-18 17:27:35', NULL),
(214, 214, '', 2, '2015-03-18 17:27:35', NULL),
(215, 215, '', 2, '2015-03-18 17:27:35', NULL),
(216, 216, '', 2, '2015-03-18 17:27:35', NULL),
(217, 217, '', 2, '2015-03-18 17:27:35', NULL),
(218, 218, '', 2, '2015-03-18 17:27:35', NULL),
(219, 219, '', 2, '2015-03-18 17:27:35', NULL),
(220, 220, '11 Mar   Le envié mail solicitando reunión', 4, '2015-03-18 17:27:35', NULL),
(221, 221, '6 Ene   LLamar el 6 de febrero para agendar reunión   Finalmente no realizaron cursos el año 2014 por falta de tiempo. Cdo nos juntemos tendrá claras las necesidades de capacitación para el 2015. Sale de vacaciones en marzo.   6 Mar   Reunión agendada para presentarle propuesta sobre Programa para Lideres, conversó con Tiare para ver tema de inducción. No se concretó reunión pq salió fuera de Santiago, la abuelita se murió.', 4, '2015-03-18 17:27:35', NULL),
(222, 222, '', 2, '2015-03-18 17:27:35', NULL),
(223, 223, 'Le mande un email el 07 de Mayo pidiendole reunión, le volví a mandar un email el 03 de julio.', 2, '2015-03-18 17:27:35', NULL),
(224, 224, '5 ENE   MAIL ENVIADO A CONTACTO SOLICITANDO REUNION.', 4, '2015-03-18 17:27:35', NULL),
(225, 225, '', 2, '2015-03-18 17:27:35', NULL),
(226, 226, '', 2, '2015-03-18 17:27:35', NULL),
(227, 227, '6 Ene   Contacto señala que por el momento no es posible juntarse, se va de vacaciones y está organizando año 2015. Me pidió que le envíe una presentación que incorpore la experiencia de VGroup y sólo ahí evaluará si me puede recibir. Contactar en marzo.', 4, '2015-03-18 17:27:35', NULL),
(228, 228, 'Av. Brasil 641 (entre rosas y santo domingo)', 2, '2015-03-18 17:27:35', NULL),
(229, 229, '', 2, '2015-03-18 17:27:35', NULL),
(230, 230, '', 2, '2015-03-18 17:27:35', NULL),
(231, 231, '', 2, '2015-03-18 17:27:35', NULL),
(232, 232, '', 2, '2015-03-18 17:27:35', NULL),
(233, 233, 'La llame el 09 de Mayo aun no ha visto la propuesta porque están con cambios de oficina', 2, '2015-03-18 17:27:35', NULL),
(234, 234, 'Llamar a principio de Agosto ', 2, '2015-03-18 17:27:35', NULL),
(235, 235, '', 2, '2015-03-18 17:27:35', NULL),
(236, 236, '', 2, '2015-03-18 17:27:35', NULL),
(237, 237, '20 Ene   Reunión agendada para miércoles 21 de enero a las 16 hrs.   22 Ene   Solicitó información sobre curso de Comunicación Efectiva   2 Mar   Le envié el descriptor de Comunicación Efectiva y CV de Carlos Sanhueza.   9 Ene   Le he enviado emails y mensajes de texto y no ha respondido para generar reunión o saber si aún le interesa el curso.', 4, '2015-03-18 17:27:35', NULL),
(238, 238, '', 5, '2015-03-18 17:27:35', NULL),
(239, 239, '', 2, '2015-03-18 17:27:35', NULL),
(240, 240, '', 2, '2015-03-18 17:27:35', NULL),
(241, 241, '', 2, '2015-03-18 17:27:35', NULL),
(242, 242, '', 2, '2015-03-18 17:27:35', NULL),
(243, 243, '', 2, '2015-03-18 17:27:35', NULL),
(244, 244, '', 2, '2015-03-18 17:27:35', NULL),
(245, 245, '', 2, '2015-03-18 17:27:35', NULL),
(246, 246, '', 2, '2015-03-18 17:27:35', NULL),
(247, 247, '', 2, '2015-03-18 17:27:35', NULL),
(248, 248, '', 2, '2015-03-18 17:27:35', NULL),
(249, 249, '5 Ene   Enviar mail la primera semana de febrero. En esa fecha fijaremos reunión para conversar de las necesidades de capacitación debido a que ya tendrán la DNC ok.   Reuniones el 29 de enero y 17 de febrero para presentar VGroup y obtener necesidades.   3 Mar   Presenté propuesta para Programa de Lideres. el viernes 20 de marzo vendrá Rodrigo y Claudia para conversar del programa y otras necesidades.', 4, '2015-03-18 17:27:35', NULL),
(250, 250, '', 2, '2015-03-18 17:27:35', NULL),
(251, 251, '', 2, '2015-03-18 17:27:35', NULL),
(252, 252, 'Tiene Sava, Otec interna prohibido usar otro proveedor ', 2, '2015-03-18 17:27:35', NULL),
(253, 253, '', 4, '2015-03-18 17:27:35', NULL),
(254, 254, '', 2, '2015-03-18 17:27:35', NULL),
(255, 255, 'Se le mando emial pidiendo el presupuesto para el proyecto de fidelización el 03 de julio', 2, '2015-03-18 17:27:35', NULL),
(256, 256, '', 2, '2015-03-18 17:27:35', NULL),
(257, 257, '5 ENE   MAIL ENVIADO A CONTACTO SOLICITANDO REUNION.', 4, '2015-03-18 17:27:35', NULL),
(258, 258, '', 4, '2015-03-18 17:27:35', NULL),
(259, 259, '', 2, '2015-03-18 17:27:35', NULL),
(260, 260, '', 2, '2015-03-18 17:27:35', NULL),
(261, 261, '', 2, '2015-03-18 17:27:35', NULL),
(262, 262, '', 5, '2015-03-18 17:27:35', NULL),
(263, 263, '', 5, '2015-03-18 17:27:35', NULL),
(264, 264, '16 Dic   Hasta marzo no evaluará ningún programa de capacitación nuevo. Le envié presentación corporativa por mail y volveré a llamarb en marzo.   9 Mar   Hasta fines de marzo no verá temas de capacitación. No requiere eveluación de desempeño.', 4, '2015-03-18 17:27:35', NULL),
(265, 265, '', 4, '2015-03-18 17:27:35', NULL),
(266, 266, 'Llamar en Agosto', 2, '2015-03-18 17:27:35', NULL),
(267, 267, '', 2, '2015-03-18 17:27:35', NULL),
(268, 268, '', 2, '2015-03-18 17:27:35', NULL),
(269, 269, '', 2, '2015-03-18 17:27:35', NULL),
(270, 270, '', 2, '2015-03-18 17:27:35', NULL),
(271, 271, 'Hable con ella el 26 de junio quede de enviarle la presentación para ver cuando es factible de juntarnos', 2, '2015-03-18 17:27:35', NULL),
(272, 272, '', 5, '2015-03-18 17:27:35', NULL),
(273, 273, '', 4, '2015-03-18 17:27:35', NULL),
(274, 274, 'Hable con ella el 24 de Junio y quedo de avisarme cuando venga a santiago para juntarnos.', 2, '2015-03-18 17:27:35', NULL),
(275, 275, '', 2, '2015-03-18 17:27:35', NULL),
(276, 276, '6 Ene   Contacto se va de vacaciones y regresa 2 de febrero. Llamar 6 de febrero para agendar   6 Feb   HDI compró a Aseguradora Magallanes, solicita que lo contacte el 2 de marzo.   3 Mar   Solicita que lo contacte la tercera semana de marzo para agendar...tiene mucho trabajo.', 4, '2015-03-18 17:27:35', NULL),
(277, 284, 'Empresa constructora con alrededor de 2,000 personas ', 2, '2015-03-19 15:23:41', '2015-04-01 15:28:13'),
(278, 285, NULL, 2, '2015-03-20 13:15:39', NULL),
(279, 286, NULL, 4, '2015-03-20 13:46:17', NULL),
(280, 287, 'Prueba', 1, '2015-03-23 15:13:09', NULL),
(281, 288, 'Prueba', 1, '2015-03-23 15:14:05', NULL),
(282, 289, 'asdasda 7 asdasd / asdasdasd -asdasdasdasd -asdasd as-d asd- asdasd', 1, '2015-03-23 15:52:39', NULL),
(283, 290, 'pruebaaaaa', 1, '2015-03-23 16:46:50', NULL),
(284, 34, 'Reunión agendada para el jueves 2 de abril a las 9:30 en Agustinas 1360 piso 5.', 4, '2015-03-26 16:22:10', NULL),
(285, 96, 'Reunión agendada para martes 31 de marzo a las 11 am con Gia.', 4, '2015-03-26 16:26:47', NULL),
(286, 96, 'Reunión agendada para martes 31 de marzo a las 11 am con Gia.', 4, '2015-03-26 16:26:57', NULL),
(287, 185, 'Reunión agendada para miercoles 1 de abril a las 9:30 en Alameda 877 piso 4', 4, '2015-03-26 16:29:02', NULL),
(288, 185, 'Teléfonos María Luisa Pradenas 227150370 oficnina, 5-3348305 móvil', 4, '2015-03-26 16:30:44', NULL),
(289, 291, '231231231()+231231231()+231231231()+231231231()+ / asd', 1, '2015-03-27 12:18:55', NULL),
(290, 292, 'estoesunaprueba', 1, '2015-03-27 12:34:16', NULL),
(291, 293, 'En constante gestión pra cerrar algún curso. LLamar miercoles 8 de abril, insistir.', 4, '2015-04-02 14:53:44', NULL),
(292, 294, '', 4, '2015-04-06 15:33:08', NULL),
(293, 295, '', 4, '2015-04-06 15:35:45', NULL),
(294, 5, 'Aún con problemas con los trabajarores de la mina que viven en Copiapó y Antofagasta. Militsen Varas me sugiere que contacte a Alberto Quezada la semana del 13 de abril. ', 4, '2015-04-06 15:47:02', NULL),
(295, 34, 'Reunión del 2 de abril postergada para el jueves 9 de abril a las 9:30 am.', 4, '2015-04-06 15:50:22', NULL),
(297, 96, 'En reunión se abordaron los temas que definitivamente se tendrán que desarrollar durante este año, el primero en la gestión de Francisca Olea: Descripciones de cargo de los colaboradores y evaluación de desempeño. Invitada al desayuno del 16 de abril.', 4, '2015-04-06 18:30:48', NULL),
(298, 113, '', 4, '2015-04-06 18:34:47', NULL),
(299, 113, 'En reunión acordamos enviarle propuesta por el curso de Mercer. Propuesta enviada, comunica que le pareció muy buena y que conversará con las áreas relacionadas para evaluar dictar curso en el segundo semestre.', 4, '2015-04-06 18:35:02', NULL),
(300, 185, 'En reunión abordamos las capacitaciones de Salcobrand, PreUnic y DBS. En la primera están terminando algunos temas pendientes del año pasado, y en los dos últimos realizan capacitaciones presenciales que están evaluando para este año. Estaremos en contacto para ver si podemos ayudarlos a actualizar los cursos que tienen hechos con IOGroup debido a que han tenido algunos problemas.', 4, '2015-04-06 18:50:58', NULL),
(301, 212, 'Le envié propuesta comercial por curso de Satisfacción al Cliente Interno online pero después me pidió la misma propuesta pero 100% presencial. Enviada propuesta presencial por $2.500.000.-', 4, '2015-04-06 19:02:44', NULL),
(302, 264, 'Las capacitaciones de Principal (apoquindo) y Cuprum (bandera) las organiza Mario Vial. Reunión concretada. Para este año el foco es sacar adelante la plataforma elearning que están desarrollando para toda la compañía con "a un clik" para depositar todos los cursos Principal y dictar desde ahí.  en segundo foco están los cursos de inglés que están desarrollando con eClass todo el 2015.', 4, '2015-04-06 19:06:31', NULL),
(303, 197, 'A la fecha no han podido poner en práctica los programas dispuestos para este año. \nProducto del alubión en la II y III región han tenido que ayudar a muchos colaboradores que tienen sus falilias en la zona de Copiapó. Está todo detenido por el momento.', 4, '2015-04-06 19:08:40', '2015-04-06 19:23:55'),
(305, 296, 'prueba<br>prueba<br>prueba', 1, '2015-04-06 19:19:32', NULL),
(308, 297, '', 2, '2015-04-15 12:40:08', NULL),
(309, 195, 'Contacto está en proceso de definición de proyectos para el año 2015. Me pide que la llame el viermes 24 para fijar reunión.<br>', 4, '2015-04-16 18:32:19', NULL),
(310, 298, '', 2, '2015-04-20 16:00:32', NULL),
(311, 299, '', 2, '2015-04-23 15:15:31', NULL),
(312, 300, '', 2, '2015-04-27 14:26:37', NULL),
(313, 258, 'En reunión me comentó que de aquí a 4-5 meses están con todas las necesidades de capacitación cubiertas. Hacen mucho de ofimatica, lenguaje, temas técnicos (productos) y liderazgo con consultoras.Tb. trabajan con la Escuela de Seguros. Tienen una plataforma propia, Leaerning Zone, donde tienen cursos propios, de la matriz y locales. Contactar a mediados de julio.', 4, '2015-04-30 17:13:57', NULL),
(314, 302, '', 2, '2015-05-06 14:26:38', NULL),
(315, 302, '', 2, '2015-05-06 14:26:39', NULL),
(316, 303, '', 2, '2015-05-07 12:28:35', NULL),
(317, 304, '', 7, '2015-05-11 14:40:01', NULL),
(318, 305, '', 7, '2015-05-11 14:42:08', NULL),
(319, 306, '', 7, '2015-05-11 14:43:47', NULL),
(320, 307, '', 7, '2015-05-11 14:46:57', NULL),
(321, 308, '', 7, '2015-05-11 14:48:26', NULL),
(322, 309, '', 7, '2015-05-11 14:49:48', NULL),
(323, 310, '', 7, '2015-05-11 14:50:53', NULL),
(324, 311, '', 7, '2015-05-11 14:52:34', NULL),
(325, 313, '', 7, '2015-05-11 14:54:14', NULL),
(326, 314, 'Envie mail jueves 7 de mayo con informacion solicitada, ya que lo que necesitan es un curso excell pero en la plataforma de ellos. ', 7, '2015-05-11 14:57:20', NULL),
(327, 315, 'Me respondio que ellos hacen sus cursos en plataforma propia, todo es interno.', 7, '2015-05-11 14:59:03', NULL),
(328, 316, '', 7, '2015-05-11 15:00:16', NULL),
(329, 317, '', 7, '2015-05-11 15:01:26', NULL),
(330, 318, '', 7, '2015-05-11 15:03:07', NULL),
(331, 186, 'Volvimos a llamar el lunes 11 de mayo, estaba recien devuelta de licencia y aun no tiene probacion para ppto. Mandar mail con informacion para retomar el tema lo antes posible.', 7, '2015-05-11 15:15:24', NULL),
(332, 309, '11 de mayo Hable con Paulina Rojas y me comento que ellos tienen plataforma propia y que sus necesidades las piden a atentoeduca.', 7, '2015-05-11 16:00:48', NULL),
(333, 240, 'Ya no trabaja en la empresa, la semana del 18 de Mayo llega la persona nueva.', 2, '2015-05-12 13:58:26', NULL),
(334, 105, 'Se fue de la empresa en Marzo del 2015.', 2, '2015-05-12 18:23:52', NULL),
(335, 321, '', 2, '2015-05-13 13:50:06', NULL),
(336, 322, '', 2, '2015-05-13 17:45:58', NULL),
(337, 323, '', 2, '2015-05-14 14:11:10', NULL),
(338, 323, 'Abril 2015 propuesta líderes<br><br>', 2, '2015-05-14 14:12:19', NULL),
(339, 323, 'Abril 2015 propuesta líderes<br><br>', 2, '2015-05-14 14:12:22', NULL),
(340, 324, '', 2, '2015-05-15 16:34:14', NULL),
(341, 325, 'observacion prueba', 1, '2015-05-15 18:14:55', NULL),
(342, 326, '', 2, '2015-05-18 17:53:05', NULL),
(343, 327, '', 2, '2015-05-18 17:55:49', NULL);

-- --------------------------------------------------------

--
-- Estructura de tabla para la tabla `tblanotacionxarchivo`
--

CREATE TABLE IF NOT EXISTS `tblanotacionxarchivo` (
  `idAnotacionxArchivo` int(11) NOT NULL AUTO_INCREMENT,
  `id_Anotacion` int(11) DEFAULT NULL,
  `idArchivo` int(11) DEFAULT NULL,
  PRIMARY KEY (`idAnotacionxArchivo`)
) ENGINE=InnoDB  DEFAULT CHARSET=latin1 AUTO_INCREMENT=3 ;

--
-- Volcado de datos para la tabla `tblanotacionxarchivo`
--

INSERT INTO `tblanotacionxarchivo` (`idAnotacionxArchivo`, `id_Anotacion`, `idArchivo`) VALUES
(1, 338, 1),
(2, 339, 2);

-- --------------------------------------------------------

--
-- Estructura de tabla para la tabla `tblarchivo`
--

CREATE TABLE IF NOT EXISTS `tblarchivo` (
  `idArchivo` int(11) NOT NULL AUTO_INCREMENT,
  `rutaArchivo` varchar(255) DEFAULT NULL,
  `nombreOriginal` varchar(255) DEFAULT NULL,
  `created_at` timestamp NULL DEFAULT CURRENT_TIMESTAMP,
  `updated_at` timestamp NULL DEFAULT NULL ON UPDATE CURRENT_TIMESTAMP,
  PRIMARY KEY (`idArchivo`)
) ENGINE=InnoDB  DEFAULT CHARSET=latin1 AUTO_INCREMENT=3 ;

--
-- Volcado de datos para la tabla `tblarchivo`
--

INSERT INTO `tblarchivo` (`idArchivo`, `rutaArchivo`, `nombreOriginal`, `created_at`, `updated_at`) VALUES
(1, '1431612739.pdf', 'Propuesta Comercial DUOC.pdf', '2015-05-14 14:12:19', NULL),
(2, '1431612742.pdf', 'Propuesta Comercial DUOC.pdf', '2015-05-14 14:12:22', NULL);

-- --------------------------------------------------------

--
-- Estructura de tabla para la tabla `tblcontacto`
--

CREATE TABLE IF NOT EXISTS `tblcontacto` (
  `idContacto` int(11) NOT NULL AUTO_INCREMENT,
  `nombreCliente` varchar(500) NOT NULL,
  `apellidoCliente` varchar(500) NOT NULL,
  `telefonoCliente` varchar(255) DEFAULT NULL,
  `celularCliente` varchar(255) DEFAULT NULL,
  `emailCliente` varchar(500) DEFAULT NULL,
  `cargo` varchar(500) NOT NULL,
  `estado` tinyint(1) NOT NULL,
  `created_at` timestamp NULL DEFAULT CURRENT_TIMESTAMP,
  `updated_at` timestamp NULL DEFAULT NULL ON UPDATE CURRENT_TIMESTAMP,
  PRIMARY KEY (`idContacto`)
) ENGINE=InnoDB  DEFAULT CHARSET=latin1 AUTO_INCREMENT=328 ;

--
-- Volcado de datos para la tabla `tblcontacto`
--

INSERT INTO `tblcontacto` (`idContacto`, `nombreCliente`, `apellidoCliente`, `telefonoCliente`, `celularCliente`, `emailCliente`, `cargo`, `estado`, `created_at`, `updated_at`) VALUES
(1, 'Abel', 'Benitez', NULL, '7-3872931', 'abenitez@corfo.cl', '', 1, '2015-03-18 15:43:33', '2015-03-18 15:55:49'),
(2, 'Adriana', 'Yori', NULL, NULL, 'adriana.yori@antalisgms.cl', '', 1, '2015-03-18 15:43:33', '2015-03-20 15:00:43'),
(3, 'Ailing ', 'Olivares', '228188003', '96197546', 'ailing.olivares@smu.cl', 'Subgerente Gestión de Talento', 1, '2015-03-18 15:43:33', '2015-03-18 15:55:49'),
(4, 'Alberto', 'Aqueveque', '225402432', NULL, NULL, 'Contralor', 1, '2015-03-18 15:43:33', '2015-03-18 15:55:49'),
(5, 'Alberto', 'Quezada', NULL, '6-6693447', 'alberto.quezada@teck.com', 'Coordinador de Capacitación', 1, '2015-03-18 15:43:33', '2015-03-18 15:55:49'),
(6, 'Alejandra', 'García', '225100237', NULL, 'alejandra.garciaG@cajalosandes.cl', 'Jefa de MKT', 1, '2015-03-18 15:43:33', '2015-03-20 15:00:14'),
(7, 'Alejandra', 'Kreft ', '25866084', NULL, NULL, 'Jefe del centro de extensión', 1, '2015-03-18 15:43:33', '2015-03-18 15:55:49'),
(8, 'Alejandra', 'Quezada', '224902644', NULL, 'aquezada@seminarium.com', '', 1, '2015-03-18 15:43:33', '2015-03-18 15:55:49'),
(9, 'Alejandro', 'Ossa', '2440 8300', 'anexo 316 - 92188888', NULL, 'Gerente General', 1, '2015-03-18 15:43:33', '2015-03-18 15:55:49'),
(10, 'Alejandro', 'Pizarro', '226941844', '93454013', 'apizarrom@ripley.cl', 'Encargado de capacitación', 1, '2015-03-18 15:43:33', '2015-03-18 15:55:49'),
(11, 'Alejandro ', 'Romero', '5622700000', 'sin datos ', 'aromero@bancoestado.cl ', 'Gerencia Comercial ', 1, '2015-03-18 15:43:33', '2015-03-18 15:55:49'),
(12, 'Alexia', 'Alvarez', '226900000', NULL, 'aalvarez@gobantes.cl', '', 1, '2015-03-18 15:43:33', '2015-03-18 15:55:49'),
(13, 'Alexis', 'Flores', '226317025', NULL, 'aflores@transbank.cl', 'Encargada Centro de Documentación', 1, '2015-03-18 15:43:33', '2015-03-18 15:55:49'),
(14, 'Alicia', 'Garay', '(56-2) 2700000', '5698871610', 'agaray@bancoestado.cl', 'Jefa Gestión de Empresas ', 1, '2015-03-18 15:43:33', '2015-03-18 15:55:49'),
(15, 'Alma', 'Navarrete', '223833487', NULL, 'anavarrete@lapolar.cl', 'Sub gerencia de desarrollo organizacional', 1, '2015-03-18 15:43:33', '2015-03-18 15:55:49'),
(16, 'Alvaro', 'Cornejo', '229648090', NULL, 'acornejo@losheroes.cl', 'Encargado de Capacitación', 1, '2015-03-18 15:43:33', '2015-03-18 15:55:49'),
(17, 'Álvaro ', 'Muñoz', '(56-2) 6927000', '56998976458', 'amunoza@bci.cl ', 'Analista Capacitación ', 1, '2015-03-18 15:43:33', '2015-03-18 15:55:49'),
(18, 'Ana Karina', 'Ulloa', NULL, NULL, NULL, 'Gte. De RRHH', 1, '2015-03-18 15:43:33', '2015-03-18 15:55:49'),
(19, 'Ana María', 'Delpico', '032-2209115', NULL, 'adelpico@esval.cl', '', 1, '2015-03-18 15:43:33', '2015-03-18 15:55:49'),
(20, 'Ana María', 'Vasquez', '223653049', NULL, 'ana.vasquez@kcl.cl', '', 1, '2015-03-18 15:43:33', '2015-03-18 15:55:49'),
(21, 'Andrea', 'Fushloger', '226301000', NULL, NULL, 'Gte. corporativa', 1, '2015-03-18 15:43:33', '2015-03-18 15:55:49'),
(22, 'Andrea', 'Paradies', '228922545', '77593706', NULL, '', 1, '2015-03-18 15:43:33', '2015-03-18 15:55:49'),
(23, 'Andrea', 'Riojas', NULL, NULL, 'ariojaz@bbva.com', '', 1, '2015-03-18 15:43:33', '2015-03-18 15:55:49'),
(24, 'Andrea', 'Vasquez', '228373267', NULL, 'Andrea.Vasquez@skcomercial.cl', 'Generalista de RRHH', 1, '2015-03-18 15:43:33', '2015-03-18 15:55:49'),
(25, 'Andrés', 'Bianchi', '226927008', NULL, NULL, 'Gerente Relaciones laborales', 1, '2015-03-18 15:43:33', '2015-03-18 15:55:49'),
(26, 'Angélica', 'Cruz', NULL, '6-8457532', 'angelica.cruz@walmart.cl', 'Coordinador de Capacitación', 1, '2015-03-18 15:43:33', '2015-03-18 15:55:49'),
(27, 'Angélica', 'Mouat', '223451501', NULL, 'Angelica.mouat@sag.gob.cl', 'Gerente de RRHH', 1, '2015-03-18 15:43:33', '2015-03-18 15:55:49'),
(28, 'Antonio', 'Arceu', '226926791', NULL, 'antonio.arceu@scotiabank.cl', 'Gte. DO Selección y Capacitación', 1, '2015-03-18 15:43:33', '2015-03-18 15:55:49'),
(29, 'Antonio', 'Arceu', '226926791', NULL, 'antonio.arceu@scotiabank.cl', 'Gte. DO Selección y Capacitación', 1, '2015-03-18 15:43:33', '2015-03-18 15:55:49'),
(30, 'Bárbara ', 'Fuentes', '228371278', NULL, 'bfuentese@skberge.cl', '', 1, '2015-03-18 15:43:33', '2015-03-18 15:55:49'),
(31, 'Beatriz ', 'Jofre', NULL, NULL, 'beatriz.jofre@parquedelrecuerdo.cl', '', 1, '2015-03-18 15:43:33', '2015-03-18 15:55:49'),
(32, 'Beatriz ', 'Silva', NULL, NULL, 'beatriz.silva@telefonica.com', 'Jefa de Capacitación', 1, '2015-03-18 15:43:33', '2015-03-18 15:55:49'),
(33, 'Bernardita ', 'Roustang', '222304167', NULL, 'bernardita.roustang@consorcio.cl', 'Sub Gerente Formación y Desarrollo', 1, '2015-03-18 15:43:33', '2015-03-18 15:55:49'),
(34, 'Carla', 'Arizmendi', '223698453', NULL, 'carizmendi@bancoconsorcio.cl', 'Analista ', 1, '2015-03-18 15:43:33', '2015-03-18 15:55:49'),
(35, 'Carlos', 'Astudillo', NULL, NULL, NULL, '', 1, '2015-03-18 15:43:33', '2015-03-18 15:55:49'),
(36, 'Carlos', 'Iglesias', NULL, '92188825', 'ciglesias@cordillera.cl', 'Gerente Comercial', 1, '2015-03-18 15:43:33', '2015-03-18 15:55:49'),
(37, 'Carlos', 'Johnsons', '226315000', NULL, NULL, 'Gerente General', 1, '2015-03-18 15:43:33', '2015-03-18 15:55:49'),
(38, 'Carlos', 'Mallea', '229378336', '75599311', 'cmallea@metro.cl', '', 1, '2015-03-18 15:43:33', '2015-03-18 15:55:49'),
(39, 'Carmen', 'Llagostera Suarez', NULL, '(09)74301037', 'carmen.llagostera.suarez@telefonica.com', 'Gte. Comercial Telefónica Learning Center', 1, '2015-03-18 15:43:33', '2015-03-18 15:55:49'),
(40, 'Carmen', 'Peragallo', '223608770', NULL, 'cperagallo@hertz.cl', 'Gerente de RRHH', 1, '2015-03-18 15:43:33', '2015-03-18 15:55:49'),
(41, 'Carolina', 'Carrasco', '223607147', NULL, 'carolina.carrasco@ccs.cl', 'Gerencia de Servicios Empresariales ', 1, '2015-03-18 15:43:33', '2015-03-18 15:55:49'),
(42, 'Carolina', 'Coneján', '226907707', NULL, 'cconejan@copec.cl', '', 1, '2015-03-18 15:43:33', '2015-03-18 15:55:49'),
(43, 'Carolina', 'González Saldias', '225656036', NULL, '', 'Jefe de Proyectos Escuela de Seguridad', 1, '2015-03-18 15:43:33', '2015-03-20 15:01:22'),
(44, 'Carolina', 'Gonzalez Valenzuela', NULL, NULL, NULL, 'Gte. Capacitación Chile', 1, '2015-03-18 15:43:33', '2015-03-18 15:55:49'),
(45, 'Carolina', 'Lagos', '226206793', '', 'carolinalagos@derco.cl', 'Sub gerente de desarrollo organizacional ', 1, '2015-03-18 15:43:33', '2015-05-13 13:42:59'),
(46, 'Carolina', 'Martinez', '225100325', NULL, 'carolina.martinez@cajalosandes.cl', 'Sub - Gte. De Talento y Desarrollo', 1, '2015-03-18 15:43:33', '2015-03-18 15:55:49'),
(47, 'Carolina', 'Olavarría Hurtado', '27204731', NULL, NULL, 'Gerente desarrollo organizacional', 1, '2015-03-18 15:43:33', '2015-03-18 15:55:49'),
(48, 'Carolina ', 'Marchant', '223286247', NULL, 'carolina.marchants@coopeuch.cl', '', 1, '2015-03-18 15:43:33', '2015-03-18 15:55:49'),
(49, 'Catalina', 'Ayerdi', NULL, NULL, 'cayerdi@unab.cl', '', 1, '2015-03-18 15:43:33', '2015-03-18 15:55:49'),
(50, 'Catalina ', 'Jensen ', '(56-2) 22101111', '56995834367', 'jbecerra@alemana.cl', 'Jefe D.O', 1, '2015-03-18 15:43:33', '2015-03-18 15:55:49'),
(51, 'Catherine', 'Alvear', '(56-2) 24765486', '5696249080', 'calvear@conchaytoro.cl', 'Jefa D.O y Capacitación ', 1, '2015-03-18 15:43:33', '2015-03-18 15:55:49'),
(52, 'Catherine', 'Knaak ', NULL, NULL, 'catherine.knaak@cajalosandes.cl', 'Jefa de Capacitación', 1, '2015-03-18 15:43:33', '2015-03-20 15:01:49'),
(53, 'Cecilia', 'Ducci', '226860158', NULL, 'cecilia.ducci@itau.cl', 'Sub Gerente de Cultura Gestión de Personas', 1, '2015-03-18 15:43:33', '2015-03-20 15:01:58'),
(54, 'Cecilia', 'Mateluna', '27291000 / 27291110', NULL, 'cmateluna@mscchile.cl', 'Human Resources Manager', 1, '2015-03-18 15:43:33', '2015-03-18 15:55:49'),
(55, 'Cecilia', 'Suarez', NULL, '89024141', 'mcsuarez@alemana.cl', '', 1, '2015-03-18 15:43:33', '2015-03-18 15:55:49'),
(56, 'Cesar', 'Abarca', '2226531876  ', NULL, 'cabarcat@bancochile.cl', 'Especialista de capacitación', 1, '2015-03-18 15:43:33', '2015-03-18 15:55:49'),
(57, 'Claudia', 'Baltera', '223374045', NULL, 'cbaltera@directv.cl', '', 1, '2015-03-18 15:43:33', '2015-03-18 15:55:49'),
(58, 'Claudia', 'Castro', '227381760', NULL, 'ccastro@sodimac.cl', '', 1, '2015-03-18 15:43:33', '2015-03-20 15:02:07'),
(59, 'Claudia', 'Oliva', '224444235', NULL, 'claudia.oliva@enex.cl', 'Asistente RRHH', 1, '2015-03-18 15:43:33', '2015-03-18 15:55:49'),
(60, 'Claudia', 'Soto', '223503673', NULL, 'csoto@tricot.cl', 'Encargada de Capacitación', 1, '2015-03-18 15:43:33', '2015-03-18 15:55:49'),
(61, 'Claudia', 'Villa', '226201449', NULL, 'claudia.villa@lan.com', 'Gte. Capacitación holding', 1, '2015-03-18 15:43:33', '2015-03-18 15:55:49'),
(62, 'Claudia ', 'Undurraga', '228374242', NULL, 'claudia.undurraga@skchile.cl', '', 1, '2015-03-18 15:43:33', '2015-03-18 15:55:49'),
(63, 'Claudio', 'Salgado', '228373244', NULL, 'Claudio.Salgado@skcomercial.cl', '', 1, '2015-03-18 15:43:33', '2015-03-18 15:55:49'),
(64, 'Comandante Gabriel', 'Casas del Valle', '26683139', '26683135/26683134', NULL, '', 1, '2015-03-18 15:43:33', '2015-03-18 15:55:49'),
(65, 'Consuelo', 'Moraga', '226926732', NULL, 'consuelo.moraga@scotiabank.cl', '', 1, '2015-03-18 15:43:33', '2015-03-18 15:55:49'),
(66, 'Consuelo', 'Moraga', '226926732', NULL, 'consuelo.moraga@scotiabank.cl', '', 1, '2015-03-18 15:43:33', '2015-03-18 15:55:49'),
(67, 'Cristian ', 'Astete', '226774381', NULL, 'cristian.astete@lan.com', 'Subgerente Capacitación Técnica', 1, '2015-03-18 15:43:33', '2015-03-18 15:55:49'),
(68, 'Cristian ', 'Carvajal', '223802161', NULL, 'crcarvajal@falabella.cl', 'Gte, de RRHH', 1, '2015-03-18 15:43:33', '2015-03-18 15:55:49'),
(69, 'Cristian ', 'Guerrero', '225664039', NULL, 'Cristian.Guerrero@cajalosandes.cl', 'Analista de Capacitación', 1, '2015-03-18 15:43:33', '2015-03-18 15:55:49'),
(70, 'Cristóbal', 'Prado', NULL, NULL, 'cprado@achs.cl', 'Gerente General', 1, '2015-03-18 15:43:33', '2015-03-18 15:55:49'),
(71, 'Daniel', 'Cabrera', '057/2516638', NULL, 'dacabrer@collahuasi.cl', '', 1, '2015-03-18 15:43:33', '2015-03-18 15:55:49'),
(72, 'Daniela', 'Bravo', NULL, NULL, NULL, '', 1, '2015-03-18 15:43:33', '2015-03-18 15:55:49'),
(73, 'Daniela', 'Plaza', NULL, NULL, 'daniela.plaza@sura.cl', '', 1, '2015-03-18 15:43:33', '2015-03-18 15:55:49'),
(74, 'Dianey', 'Solsona', '226700200', '9-1440013', 'dsolsona@rentanac.cl', 'Gerente RRHH', 1, '2015-03-18 15:43:33', '2015-03-18 15:55:49'),
(75, 'Diego', 'Balestra', NULL, NULL, 'diego.balestra@cl.ey.com', '', 1, '2015-03-18 15:43:33', '2015-03-18 15:55:49'),
(76, 'Diego', 'Espinoza', NULL, '7-4500464', 'diego.espinoza@glencore.cl', 'Jefe Capital Humano', 1, '2015-03-18 15:43:33', '2015-03-18 15:55:49'),
(77, 'Diego', 'Figueroa', '222304555', NULL, 'diego.figueroa@consorcio.cl', 'Supervisor de Capacitación', 1, '2015-03-18 15:43:33', '2015-03-18 15:55:49'),
(78, 'Diego', 'Perez', '225865704', NULL, 'dperez@tmluc.com', '', 1, '2015-03-18 15:43:33', '2015-03-18 15:55:49'),
(79, 'Diego', 'Ruiz', '223737657', NULL, 'druiz@corona.cl', 'Jefe de Desarrollo Organizacional', 1, '2015-03-18 15:43:33', '2015-03-18 15:55:49'),
(80, 'Edith', 'Lavin', NULL, '50045607', 'e.lavin@kfcchile.cl', 'Gerente de RRHH', 1, '2015-03-18 15:43:33', '2015-03-18 15:55:49'),
(81, 'Eduardo', 'Tauber', '223636030', '(9)91390000', 'etauber@solucorp.com', '', 1, '2015-03-18 15:43:33', '2015-03-18 15:55:49'),
(82, 'Elena', 'Cabada', '25866086', NULL, NULL, 'Jefa de MKT', 1, '2015-03-18 15:43:33', '2015-03-18 15:55:49'),
(83, 'Enrique', 'Klingenberg', '227996000', NULL, 'enrique.klingenberg@cl.multivac.com', 'Gerente General', 1, '2015-03-18 15:43:33', '2015-03-18 15:55:49'),
(84, 'Enrique', 'Opazo', '226205518', NULL, 'enrique.opazo@avon.com', 'Gerente de RRHH', 1, '2015-03-18 15:43:33', '2015-03-18 15:55:49'),
(85, 'Fabian', 'Aparicio', '223502248', NULL, 'fabian.aparicio@maco.cl', 'Subgerente de RRHH', 1, '2015-03-18 15:43:33', '2015-03-18 15:55:49'),
(86, 'Fabián ', 'Marinakis', NULL, '(9) 89233385', 'fmarinakis@bbva.com', 'Gerente de Formación, Desarrollo y Selección', 1, '2015-03-18 15:43:33', '2015-03-18 15:55:49'),
(87, 'Felipe', 'Acuña', NULL, NULL, 'fdacuna@errazuriz.cl', 'Subgerente de RRHH', 1, '2015-03-18 15:43:33', '2015-03-18 15:55:49'),
(88, 'Felipe', 'Gillet', NULL, NULL, NULL, 'Sub gte. De Desarrollo', 1, '2015-03-18 15:43:33', '2015-03-18 15:55:49'),
(89, 'Felipe', 'López', '229562942', NULL, 'felipe.lopez@mercurio.cl', 'Jefe de Formación', 1, '2015-03-18 15:43:33', '2015-03-18 15:55:49'),
(90, 'Felipe', 'Rodriguez', '225402455', NULL, NULL, 'Jefe de Capacitación ', 1, '2015-03-18 15:43:33', '2015-03-18 15:55:49'),
(91, 'Felipe ', 'Cerda', '(02) 8263518', 'sin datos ', 'fcerda@metlife.cl', 'Subgerente Creditos de Consumo y Gestión.', 1, '2015-03-18 15:43:33', '2015-03-18 15:55:49'),
(92, 'Fernando', 'Silva', '229565816 / 22956 50', '9-5537262', 'fernando.silva@correos.cl', 'Coordinador Capacitación', 1, '2015-03-18 15:43:33', '2015-03-18 15:55:49'),
(93, 'Fernando ', 'Ramirez', '(56-2) 2798 7000', '56992188722', 'framirez@esperanza.cl', 'Superintendente Recursos Humanos ', 1, '2015-03-18 15:43:33', '2015-03-18 15:55:49'),
(94, 'Francisca', 'Letelier', NULL, NULL, 'fletelier@bbva.com', 'Analista de RRHH', 1, '2015-03-18 15:43:33', '2015-03-18 15:55:49'),
(95, 'Francisca', 'López', '228373162', NULL, 'francisca.lopez@skcomercial.cl', 'Analista de selección y capacitación ', 1, '2015-03-18 15:43:33', '2015-03-20 14:59:40'),
(96, 'Francisca', 'Olea', '227874100', NULL, 'francisca.olea@dole.com', 'Gerente RRHH', 1, '2015-03-18 15:43:33', '2015-03-18 15:55:49'),
(97, 'Francisca', 'Ponce', '223605735', NULL, 'mponce@hertz.cl', 'Analista de RRHH', 1, '2015-03-18 15:43:33', '2015-03-18 15:55:49'),
(98, 'Francisco', 'Agüero', '223284521', '81886499', 'Francisco.Aguero@cajalosandes.cl', 'Sub Gerente de Educación', 1, '2015-03-18 15:43:33', '2015-03-18 15:55:49'),
(99, 'Francisco', 'Díaz', NULL, '6-4963612', 'francisco.diaz0@wal-mart.cl', 'Coordinador de Capacitación', 1, '2015-03-18 15:43:33', '2015-03-18 15:55:49'),
(100, 'Francisco', 'Sauman', '224623835', '79591175', 'francisco.saumann@arauco.cl', '', 1, '2015-03-18 15:43:33', '2015-03-18 15:55:49'),
(101, 'Francisco ', 'Burgos', 'Anexo 61303', NULL, NULL, '', 1, '2015-03-18 15:43:33', '2015-03-18 15:55:49'),
(102, 'Franllie', 'Álvarez', '(56-2) 297006163', '56992826221', 'falvare3@bancoestado.cl', 'Coordinadora de Marketing', 1, '2015-03-18 15:43:33', '2015-03-18 15:55:49'),
(103, 'Frederic', 'Perez', '225855013', NULL, 'fperez@efe.cl', 'Jefe de Capacitación', 1, '2015-03-18 15:43:33', '2015-03-18 15:55:49'),
(104, 'Gabriela ', 'Game', '227158042', '69086209', 'gabriela.game@parquedelrecuerdo.cl', 'Subgerente de Capacitación y Selección ', 1, '2015-03-18 15:43:33', '2015-03-18 15:55:49'),
(105, 'Gabriela ', 'Pozo', '225601609', NULL, 'gabrielapozo@derco.cl', 'Jefa de Capacitación', 1, '2015-03-18 15:43:33', '2015-03-18 15:55:49'),
(106, 'Gabriela ', 'Silva', '225402210', NULL, 'gmsilva@sitrans.cl', 'Asistente de Adquisiciones y Contratos', 1, '2015-03-18 15:43:33', '2015-03-18 15:55:49'),
(107, 'Giselle', 'Padilla', '228371387', NULL, 'gpadilla@skberge.cl', '', 1, '2015-03-18 15:43:33', '2015-03-18 15:55:49'),
(108, 'Gloria', 'Jimenez ', '(56-2) 2700000', '56965896671', 'gjimenez@bancoestado.cl', 'Jefa de Calidad y Traspararencia ', 1, '2015-03-18 15:43:33', '2015-03-18 15:55:49'),
(109, 'Gonzalo', 'Maureira', '222005996', '93200122', 'Gonzalo.Maureira@walmart.com', '', 1, '2015-03-18 15:43:33', '2015-03-18 15:55:49'),
(110, 'Gonzalo', 'Pérez', '224208000', '224606577', 'gpereza@nexussa.cl', '', 1, '2015-03-18 15:43:33', '2015-03-18 15:55:49'),
(111, 'Gonzalo', 'Pérez', NULL, NULL, 'Gonzalo.Perez@skcomercial.cl', '', 1, '2015-03-18 15:43:33', '2015-03-18 15:55:49'),
(112, 'Gonzalo', 'Prat', '229700450', NULL, 'gprat60@bancoestado.cl', 'Jefe de entrenamiento', 1, '2015-03-18 15:43:33', '2015-03-18 15:55:49'),
(113, 'Gonzalo', 'Zeiss', '223384749', '6-6699260', 'Gonzalo.Zeiss@cl.nestle.com', 'Talent, Training & Resoursing Manager', 1, '2015-03-18 15:43:33', '2015-03-18 15:55:49'),
(114, 'Graciela', 'Forani', '226720902', NULL, 'gerencia@camarco.cl', 'Gerente General', 1, '2015-03-18 15:43:33', '2015-03-18 15:55:49'),
(115, 'Gretel', 'Stormezan', NULL, NULL, 'gretel.stormezan@sura.cl', '', 1, '2015-03-18 15:43:33', '2015-03-18 15:55:49'),
(116, 'Guillermo', 'Vergara', '224992600', NULL, 'gvergara@ccs.cl', 'Director Ejecutivo', 1, '2015-03-18 15:43:33', '2015-03-18 15:55:49'),
(117, 'Gustavo', 'Etchegaray', NULL, NULL, 'getchegaray@achs.cl', 'Gerente de Operaciones de Prevención', 1, '2015-03-18 15:43:33', '2015-03-18 15:55:49'),
(118, 'Horacio', 'Rodriguez', '032-2452438', NULL, 'hrodrigu@chilquinta.cl', 'Jefe de capacitación', 1, '2015-03-18 15:43:33', '2015-03-18 15:55:49'),
(119, 'Horst', 'Paulmann', NULL, NULL, 'horst.paulmann@cencosud.cl', '', 1, '2015-03-18 15:43:33', '2015-03-19 16:34:05'),
(120, 'Ignacia', 'Vega', '226503522', NULL, NULL, '', 1, '2015-03-18 15:43:33', '2015-03-18 15:55:49'),
(121, 'Ignacio', 'Correa', '223608611', NULL, 'icorreaf@hertz.cl', 'Gerente General', 1, '2015-03-18 15:43:33', '2015-03-18 15:55:49'),
(122, 'Ignacio', 'Vega', '226781950', NULL, 'Ignacio.Vega@cajalosandes.cl', 'Jefe de capacitación', 1, '2015-03-18 15:43:33', '2015-03-18 15:55:49'),
(123, 'Ingrid', 'Aravena', '229151701', NULL, 'ingrid.aravena@sura.cl', 'Jefa de Capacitación', 1, '2015-03-18 15:43:33', '2015-03-18 15:55:49'),
(124, 'Ingrid', 'Troncoso', '23874236', '23874200', 'itroncoso@cordillera.cl', 'Jefa de RRHH', 1, '2015-03-18 15:43:33', '2015-03-18 15:55:49'),
(125, 'Isabel', 'Herrera', '225256445', NULL, 'isabel.herrera@lan.com', 'Jefe Escuela de Soporte', 1, '2015-03-18 15:43:33', '2015-03-18 15:55:49'),
(126, 'Jaime', 'Davis', '057/2516656', '(9)52295356', 'jedavis@collahuasi.cl', '', 1, '2015-03-18 15:43:33', '2015-03-18 15:55:49'),
(127, 'Jeannette ', 'Valdivia', '223451224 anexo 3502', '23451111', 'jeannette.valdivia@sag.gob.cl', 'Necesitamos estar en convenio marco', 1, '2015-03-18 15:43:33', '2015-03-18 15:55:49'),
(128, 'Jeimy', 'Sepulveda', '223325187', NULL, 'jeimy.sepulveda@consalud.cl', 'Encargada de Capacitación', 1, '2015-03-18 15:43:33', '2015-03-18 15:55:49'),
(129, 'Jeniffer', 'Flandez', NULL, NULL, 'jeniffer.flandez@externos.sura.cl', '', 1, '2015-03-18 15:43:33', '2015-03-18 15:55:49'),
(130, 'Jocelyn', 'Rojas', '222009080', NULL, 'jrojasg@atentochile.cl', 'Metro santa lucia', 1, '2015-03-18 15:43:33', '2015-03-18 15:55:49'),
(131, 'Johanna', 'Sage ', '(56-2) 9703261', '5677644793', 'jsage@bancoestado.cl', 'Jefa de Capacitación ', 1, '2015-03-18 15:43:33', '2015-03-18 15:55:49'),
(132, 'Johanna', 'Trureo', '228371277', NULL, 'jtrureo@skberge.cl', 'Jefe de personas', 1, '2015-03-18 15:43:33', '2015-03-18 15:55:49'),
(133, 'Jorge', 'Etchegoyen', '229645534', NULL, 'jetchegoyen@laaraucana.cl', 'La Araucana Educa', 1, '2015-03-18 15:43:33', '2015-03-18 15:55:49'),
(134, 'Jorge', 'Reyes', '223203380', NULL, 'jreyes@santander.cl', 'Subgerente de Formación Corporativa', 1, '2015-03-18 15:43:33', '2015-03-18 15:55:49'),
(135, 'Jorge', 'Reyes', '223203380', NULL, 'jreyes@santander.cl', 'Subgerente de Formación', 1, '2015-03-18 15:43:33', '2015-03-18 15:55:49'),
(136, 'Jorge', 'Rojas', NULL, '94443868', 'jorge.rojas@porsche-chile.cl', '', 1, '2015-03-18 15:43:33', '2015-03-18 15:55:49'),
(137, 'Jose Luis', 'Becerra', '222101111', '222101263', 'jbecerraa@alemana.cl', 'Jefe de Cultura y Desarrollo.', 1, '2015-03-18 15:43:33', '2015-03-18 15:55:49'),
(138, 'Jose Luis', 'Pons', '226761204', NULL, 'jose.luis.pons@cl.ey.com', '', 1, '2015-03-18 15:43:33', '2015-03-18 15:55:49'),
(139, 'José Luis ', 'Becerra ', '(56-2) 22101111', '56997990871', 'cjensen@alemana.cl ', 'Analista D.O ', 1, '2015-03-18 15:43:33', '2015-03-18 15:55:49'),
(140, 'Jose Miguel', 'Quezada', '226317616', '69181690', 'jquezada@transbank.cl', 'Generalista de RRHH', 1, '2015-03-18 15:43:33', '2015-03-18 15:55:49'),
(141, 'Josefina', 'Platovsky', NULL, NULL, 'jplatovsky@bbva.com', 'Analista de RRHH', 1, '2015-03-18 15:43:33', '2015-03-18 15:55:49'),
(142, 'Juan', 'Rubio', '224992603', NULL, 'jrubio@ccs.cl', 'Jefe Comercial', 1, '2015-03-18 15:43:33', '2015-03-18 15:55:49'),
(143, 'Juan Alberto', 'Ruiz', '222306251', '71352835', 'juan.ruiz@angloamerican.com', 'Gerente de Adquisiciones y Contratos', 1, '2015-03-18 15:43:33', '2015-03-18 15:55:49'),
(144, 'Juan Carlos ', 'Barturen', '226315132', NULL, 'juancarlos.barturen@equifax.cl', 'Director de RRHH', 1, '2015-03-18 15:43:33', '2015-03-18 15:55:49'),
(145, 'Juan Carlos ', 'Faundez', '224992607', '68484105', 'jfaundez@ccs.cl', '', 1, '2015-03-18 15:43:33', '2015-03-18 15:55:49'),
(146, 'Juan Pablo', 'Gazmuri', '72-2201154', '8-8993073', 'jpgazmuri@agrosuper.com', 'Sub Gerente Gestión de Personas', 1, '2015-03-18 15:43:33', '2015-03-18 15:55:49'),
(147, 'Juan Pablo', 'Mac Cawley', '225157411', '77750427', 'jmaccawley@achs.cl', 'Subgerente de Capacitación', 1, '2015-03-18 15:43:33', '2015-03-18 15:55:49'),
(148, 'Julia', 'Jaramillo', '27291000 / 27291012', NULL, 'jjaramillo@mscchile.cl', 'HR Benefits', 1, '2015-03-18 15:43:33', '2015-03-18 15:55:49'),
(149, 'Karen', 'Fuentes', '226557727', '26557211', 'karen.fuentes@kcl.cl', '', 1, '2015-03-18 15:43:33', '2015-03-18 15:55:49'),
(150, 'Karen', 'Hernández', '222027070', NULL, 'k.hernandez@ugs.cl', 'Jefa de RRHH', 1, '2015-03-18 15:43:33', '2015-03-18 15:55:49'),
(151, 'Karen ', 'Albrecht', '226507651', NULL, 'kalbrecht@entel.cl ', '', 1, '2015-03-18 15:43:33', '2015-03-18 15:55:49'),
(152, 'Karin ', 'Kirsinger', '226301632', NULL, 'kkirsinger@ultramar.cl', 'Jefe de desarrollo', 1, '2015-03-18 15:43:33', '2015-03-18 15:55:49'),
(153, 'Karina', 'Saez', NULL, '90003319', 'ksaez@smu.cl', 'Jefa de Capacitación', 1, '2015-03-18 15:43:33', '2015-03-18 15:55:49'),
(154, 'Karina', 'Vega', '(56-2) 25964349', '56992993959', 'kvega@minvest.cl ', 'Jefa de Capacitación ', 1, '2015-03-18 15:43:33', '2015-03-18 15:55:49'),
(155, 'Karla ', 'Fonfach', '227987387', NULL, 'kfonfach@aminerals.cl', '', 1, '2015-03-18 15:43:33', '2015-03-18 15:55:49'),
(156, 'Katherine', 'Montecinos ', '224992620', NULL, 'kmontecinos@ccs.cl', '', 1, '2015-03-18 15:43:33', '2015-03-18 15:55:49'),
(157, 'Leonardo', 'Jimenez', '225628200', NULL, 'ljimenez@escueladeseguros.cl', '', 1, '2015-03-18 15:43:33', '2015-03-18 15:55:49'),
(158, 'Lissette ', 'Darrouy ', NULL, '990158807', 'lissette.darrouy@telefonica.com', 'Subgerente de capacitación Comercial', 1, '2015-03-18 15:43:33', '2015-03-18 15:55:49'),
(159, 'LLeny', 'Sepulveda', NULL, NULL, NULL, 'JEFE RRHH', 1, '2015-03-18 15:43:33', '2015-03-18 15:55:49'),
(160, 'Lorena', 'Mansilla', '224227203', '9-4352289', 'lmansilla@sb.cl', 'Sub Gerente Selección y Formación', 1, '2015-03-18 15:43:33', '2015-03-18 15:55:49'),
(161, 'Lorena', 'Olivares', '222035320', NULL, 'lolivares@camchal.cl', '', 1, '2015-03-18 15:43:33', '2015-03-18 15:55:49'),
(162, 'Lorena', 'Urtubia', '229700387', NULL, 'lurtub60@bancoestado.cl', 'Jefe de Liderazgo y Desarrollo', 1, '2015-03-18 15:43:33', '2015-03-18 15:55:49'),
(163, 'Loreto', 'Herrera', '223387073', '61200600', 'Loreto.Herrera@xerox.com', 'Gerente de RRHH', 1, '2015-03-18 15:43:33', '2015-03-18 15:55:49'),
(164, 'Loreto', 'Ibarra', '223286118', 'Se fue de post natal', 'loreto.ibarra@coopeuch.cl', '', 1, '2015-03-18 15:43:33', '2015-03-18 15:55:49'),
(165, 'Loreto', 'Novoa', '223286107', NULL, 'loreto.novoaa@copeuch.cl', '', 1, '2015-03-18 15:43:33', '2015-03-18 15:55:49'),
(166, 'Loreto', 'Sepúlveda', '223540155', NULL, 'lsepulveda@duoc.cl', 'Especialista de desarrollo organizacional', 1, '2015-03-18 15:43:33', '2015-03-18 15:55:49'),
(167, 'Luciana', 'Mitjavila', '223558503', '95373936', 'luciana.mitjavila@cencosud.cl', 'Gte. de Proyecto Instituto Cencosud', 1, '2015-03-18 15:43:33', '2015-03-18 15:55:49'),
(168, 'Mabel', 'Osses', NULL, '61224016', 'mabel.osses@cajalosandes.cl', 'Sub gte. de empresas PYME', 1, '2015-03-18 15:43:33', '2015-03-18 15:55:49'),
(169, 'Macarena', 'Magallón', '226860576', NULL, 'MacarenaDelPilar.MagallonRojo@itau.cl', 'Consultor de Cultura y Formación Profesional', 1, '2015-03-18 15:43:33', '2015-03-18 15:55:49'),
(170, 'Macarena', 'Opazo', '226907713', NULL, 'mopazo@copec.cl', 'Asistente de Formación y Desarrollo', 1, '2015-03-18 15:43:33', '2015-03-18 15:55:49'),
(171, 'Magdalena', 'Avendaño', NULL, NULL, 'maria.avendano@maco.cl', 'Analista de RRHH', 1, '2015-03-18 15:43:33', '2015-03-18 15:55:49'),
(172, 'Magdalena', 'Silva', '224498093', NULL, 'magdalena.silva@rabobank.com', 'Secretaria', 1, '2015-03-18 15:43:33', '2015-03-18 15:55:49'),
(173, 'Maite', 'De la Arena', '228168444', '73777084', 'delaarena.m@pg.com', 'Gerente General', 1, '2015-03-18 15:43:33', '2015-03-18 15:55:49'),
(174, 'Manuel', 'Moya', '225601664', '', 'manuelmoya@derco.cl', 'Gerente de RRHH', 1, '2015-03-18 15:43:33', '2015-05-13 13:44:01'),
(175, 'Marcela', 'Araya', '25781900', NULL, 'maraya@grupocobra.cl', 'Encargada de RRHH', 1, '2015-03-18 15:43:33', '2015-03-18 15:55:49'),
(176, 'Marcelo ', 'Córdova', '225100376', NULL, ' marcelo.cordova@cajalosandes.cl', 'Gerente de Beneficios Sociales', 1, '2015-03-18 15:43:33', '2015-03-18 15:55:49'),
(177, 'Marcelo ', 'Jaure', '228373896', '228377600', 'marcelo.jaure@enaex.com', 'Jefe DO Capital Humano', 1, '2015-03-18 15:43:33', '2015-03-18 15:55:49'),
(178, 'Marcelo ', 'Zanotti', '26761357', NULL, 'Marcelo.Zanotti@cl.ey.com', '', 1, '2015-03-18 15:43:33', '2015-03-18 15:55:49'),
(179, 'Marcelo  ', 'Vásquez', '228100416', NULL, 'marcelo.vasquez@sodexo.com', '', 1, '2015-03-18 15:43:33', '2015-03-18 15:55:49'),
(180, 'Marcos', 'Sanhueza', '228291374', NULL, 'marcos.sanhueza@vogt.cl', 'Gte. De RRHH', 1, '2015-03-18 15:43:33', '2015-03-18 15:55:49'),
(181, 'María de los Angeles', 'Riquelme', '224505578', NULL, 'mriquelme@caffarena.cl', 'ENCARGADA CAPACITACION', 1, '2015-03-18 15:43:33', '2015-03-18 15:55:49'),
(182, 'María José', 'Rioja ', '223911314', NULL, 'mriojav@bancofalabella.cl', 'Encargada Capacitación', 1, '2015-03-18 15:43:33', '2015-03-18 15:55:49'),
(183, 'Maria José ', 'Gobantes', '226900000', 'anexo 448', 'mariajose@gobantes.cl', '', 1, '2015-03-18 15:43:33', '2015-03-18 15:55:49'),
(184, 'Maria José ', 'Mc Kendrick', 'Anexo 61837', NULL, NULL, '', 1, '2015-03-18 15:43:33', '2015-03-18 15:55:49'),
(185, 'María Luisa ', 'Pradenas', '224227120 / 22587977', NULL, 'mpradenas@sb.cl', 'Encargada de Capacitación', 1, '2015-03-18 15:43:33', '2015-03-18 15:55:49'),
(186, 'María Soledad', 'Vallejos', '223776637', NULL, 's.vallejos@carozzi.cl', 'Encargada de Capacitación', 1, '2015-03-18 15:43:33', '2015-03-18 15:55:49'),
(187, 'Marilen', 'Corbalán', '224677194', '224677000 (central)', 'mcorbalan@transelec.cl ', '', 1, '2015-03-18 15:43:33', '2015-03-18 15:55:49'),
(188, 'Mario', 'Miranda', '227879308 / 22787 90', '7-8098609', 'mamiranda@mutual.cl', 'SUB GERENTE CAPACITACION SOMA', 1, '2015-03-18 15:43:33', '2015-03-19 20:12:36'),
(189, 'Mario ', 'Vial', '226720009 / 22674426', NULL, 'mvial@cuprum.cl', 'Asistente de Capacitación', 1, '2015-03-18 15:43:33', '2015-03-18 15:55:49'),
(190, 'Martina ', 'Caviglia', NULL, NULL, NULL, 'Liderazgo y Comercial (interina)', 1, '2015-03-18 15:43:33', '2015-03-18 15:55:49'),
(191, 'Matías ', 'Barros ', '(56-2) 2692 2000', '56968410157', 'mbarros@bice.cl', 'cargo por confirmar ', 1, '2015-03-18 15:43:33', '2015-03-18 15:55:49'),
(192, 'Mauricio', 'Nuñez', '22427 1061 ', NULL, 'mnunezp@laaraucana.cl', 'Director Comercial', 1, '2015-03-18 15:43:33', '2015-03-18 15:55:49'),
(193, 'Maximiliano', 'Jeréz', '226633896', '98206439', 'majerez@skyairline.cl', '', 1, '2015-03-18 15:43:33', '2015-03-18 15:55:49'),
(194, 'Maximiliano', 'Jeréz', '226633896 / 22353310', NULL, 'majerez@skyairline.cl', 'Sub Gerente de Capacitación', 1, '2015-03-18 15:43:33', '2015-03-18 15:55:49'),
(195, 'Melisa', 'Sola', '225507856', NULL, 'melissa.sola@grupocopesa.cl', 'ENCARGADA DE CAPACITACION', 1, '2015-03-18 15:43:33', '2015-03-18 15:55:49'),
(196, 'Miguel', 'Pastor', '228373204 / 03', NULL, 'miguel.pastor@skcomercial.cl', '', 1, '2015-03-18 15:43:33', '2015-03-18 15:55:49'),
(197, 'Militsen ', 'Varas', NULL, '6-9170509', 'mvaras@ccc.cl', 'Coordinadora Otic CCC', 1, '2015-03-18 15:43:33', '2015-03-18 15:55:49'),
(198, 'Miriam', 'Gatica', NULL, NULL, NULL, '', 1, '2015-03-18 15:43:33', '2015-03-18 15:55:49'),
(199, 'Natalia', 'Campos', '223540054', NULL, 'ncampos@duoc.cl', 'Sub directora desarrollo de personas', 1, '2015-03-18 15:43:33', '2015-03-18 15:55:49'),
(200, 'Nicolás ', ' Anrique ', '(56-2) 2798 7000', '56968421800', 'nanrique@centinela.cl', 'Entrenamiento Minera Centinela ', 1, '2015-03-18 15:43:33', '2015-03-18 15:55:49'),
(201, 'Nicolás ', 'Hidalgo', NULL, NULL, NULL, 'Aeropuerto', 1, '2015-03-18 15:43:33', '2015-03-18 15:55:49'),
(202, 'Olga ', 'Covacevic', '(56-2) 2692 7000', '56991380297', 'ocovace@bci.cl', 'Jefa Capcitación ', 1, '2015-03-18 15:43:33', '2015-03-18 15:55:49'),
(203, 'Oscar', 'Galvez', '229391210', NULL, 'ogalvez@bbva.cl', 'Responsable Desarrollo Gerencial y Organizacional', 1, '2015-03-18 15:43:33', '2015-03-18 15:55:49'),
(204, 'Oscar ', 'Pontillo', '223286117', NULL, 'oscar.pontillo@coopeuch.cl', '', 1, '2015-03-18 15:43:33', '2015-03-18 15:55:49'),
(205, 'Pablo', 'De Lorenzo', '227076700', NULL, 'pda@sigro.cl', '', 1, '2015-03-18 15:43:33', '2015-03-18 15:55:49'),
(206, 'Pablo', 'Hernandez', '223635739', '84997467', 'phernandez@camanchaca.cl', 'Gerente de Capital Humano', 1, '2015-03-18 15:43:33', '2015-03-18 15:55:49'),
(207, 'Pablo', 'Hernández', '228188445', NULL, 'phernandeza@smu.cl', 'Sub Gerente de Capacitación', 1, '2015-03-18 15:43:33', '2015-03-18 15:55:49'),
(208, 'Pablo', 'Mourgues', '228373118', NULL, 'Pablo.Mourgues@skcomercial.cl', 'Subgerente de RRHH', 1, '2015-03-18 15:43:33', '2015-03-18 15:55:49'),
(209, 'Pablo Jullian ', 'Grohnert ', '226928980', NULL, NULL, 'Gerente Gestión de Personas', 1, '2015-03-18 15:43:33', '2015-03-18 15:55:49'),
(210, 'Pamela', 'Aguilar', '226202375', NULL, 'pamela.aguilar@avon.com', 'HR Business Partner', 1, '2015-03-18 15:43:33', '2015-03-18 15:55:49'),
(211, 'Pamela', 'Falcon', '22679 9429', NULL, ' pamela.falcon@bciseguros.cl', 'Jefa de Desarrollo Organizacional y Capacitación', 1, '2015-03-18 15:43:33', '2015-03-18 15:55:49'),
(212, 'Paola', 'Anders', '226205478', NULL, 'paola.anders@rosen.cl', 'Jefe DO', 1, '2015-03-18 15:43:33', '2015-03-18 15:55:49'),
(213, 'Paola', 'Carreño', NULL, NULL, 'paola.carreno@consalud.cl', 'Analista de Capacitación', 1, '2015-03-18 15:43:33', '2015-03-18 15:55:49'),
(214, 'Paola', 'Mapelli', '227988633', NULL, NULL, '', 1, '2015-03-18 15:43:33', '2015-03-18 15:55:49'),
(215, 'Patricia', 'Fajardo', NULL, 'Reemplazo de Carolin', 'pfajardo@copec.cl', '', 1, '2015-03-18 15:43:33', '2015-03-18 15:55:49'),
(216, 'Patricia', 'Jimenez', '225304595', '94443152', 'pjimenez@cic.cl', '', 1, '2015-03-18 15:43:33', '2015-04-01 14:47:40'),
(217, 'Patricio', 'Baronti', NULL, '91584647', 'pbaronti@metro.cl', 'Gerente de RRHH', 1, '2015-03-18 15:43:33', '2015-03-18 15:55:49'),
(218, 'Patricio', 'Hernández', '90152926', NULL, 'phernandezm@investigaciones.cl', '', 1, '2015-03-18 15:43:33', '2015-03-18 15:55:49'),
(219, 'Patricio', 'Millar', '226317011', '95338830', 'pmillar@transbank.cl', 'Gerente de RRHH', 1, '2015-03-18 15:43:33', '2015-03-18 15:55:49'),
(220, 'Patricio', 'Muñoz', '229981000 - 1817', NULL, 'patricio.munozcaball@cruzblanca.cl', '', 1, '2015-03-18 15:43:33', '2015-03-18 15:55:49'),
(221, 'Patricio', 'Mura', '225603612', NULL, 'pmura@pentavida.cl', 'Encargado de Capacitación', 1, '2015-03-18 15:43:33', '2015-03-18 15:55:49'),
(222, 'Patricio ', 'Aguilar', '229757000', NULL, 'paguilar@pjud.cl', '', 1, '2015-03-18 15:43:33', '2015-03-18 15:55:49'),
(223, 'Paula', 'Guzmán', '227300000', '27300192', 'Paula.guzman@antalisgms.cl ', '', 1, '2015-03-18 15:43:33', '2015-03-18 15:55:49'),
(224, 'Paula', 'Ugarte', '224615646', '7-7799266', 'paula.ugarte@clarochile.cl', 'JEFE DE CAPACITACION DEL NEGOCIO', 1, '2015-03-18 15:43:33', '2015-03-18 15:55:49'),
(225, 'Paula ', 'Araneda', NULL, NULL, 'paraneda@Falabella.cl', '', 1, '2015-03-18 15:43:33', '2015-03-18 15:55:49'),
(226, 'Paulina', 'Alvarado', NULL, NULL, 'paulina.alvarado@cencosud.cl', '', 1, '2015-03-18 15:43:33', '2015-03-18 15:55:49'),
(227, 'Paulina', 'Bañados', '227825747', NULL, 'pbanados@banmedica.cl', 'Jefe Do', 1, '2015-03-18 15:43:33', '2015-03-18 15:55:49'),
(228, 'Paulina', 'Hormazabal', '226784704', '93548375', 'pormazabal@chilexpress.cl', 'Sub gerente de desarrollo organizacional ', 1, '2015-03-18 15:43:33', '2015-05-05 15:47:30'),
(229, 'Paulina', 'Hoyuelos', '227578137', NULL, 'phoyuelos@puig.cl', '', 1, '2015-03-18 15:43:33', '2015-03-18 15:55:49'),
(230, 'Paulina', 'Vera', '2226530234', NULL, 'paverav@bancochile.cl', 'Jefa del departamento de capacitación', 1, '2015-03-18 15:43:33', '2015-03-18 15:55:49'),
(231, 'Pedro', 'Vial', NULL, NULL, 'pvial@colbun.cl', 'Gte. De Asuntos Corporativos', 1, '2015-03-18 15:43:33', '2015-03-18 15:55:49'),
(232, 'Philippe ', 'Dussert', '226860862', NULL, 'philippe.dussert@itau.cl  ', 'Jefe de Capacitación y Formación Profesional', 1, '2015-03-18 15:43:33', '2015-03-18 15:55:49'),
(233, 'Pía', 'Valenzuela', '23399256', NULL, 'pvalenzuela@errazuriz.cl', 'Generalista de RRHH', 1, '2015-03-18 15:43:33', '2015-03-18 15:55:49'),
(234, 'Pía ', 'Valenzuela', '223399100', NULL, 'pvalenzuela@errazuriz.cl', '', 1, '2015-03-18 15:43:33', '2015-03-18 15:55:49'),
(235, 'Pilar', 'Martinez', '223637086', '98720001', 'pmartinez@solucorp.com', '', 1, '2015-03-18 15:43:33', '2015-03-18 15:55:49'),
(236, 'Pilar ', 'Ortega', '224498077', NULL, 'Pilar.Ortega@rabobank.com', 'Gte. De RRHH', 1, '2015-03-18 15:43:33', '2015-03-18 15:55:49'),
(237, 'Ricardo', 'Díaz', '226912825', '6-8399000', 'ricardo.diazl@telefonica.com', 'Coordinado Capacitación', 1, '2015-03-18 15:43:33', '2015-03-18 15:55:49'),
(238, 'Ricardo', 'Muñoz', '225866927', NULL, 'rmunozc@alemana.cl', '', 1, '2015-03-18 15:43:33', '2015-03-18 15:55:49'),
(239, 'Roberto', 'Carter', NULL, NULL, 'roberto.carter@cajalosandes.cl', 'Fidelización', 1, '2015-03-18 15:43:33', '2015-03-18 15:55:49'),
(240, 'Roberto', 'Olivares', '223380800', NULL, 'rolivares@besalco.cl', '', 1, '2015-03-18 15:43:33', '2015-03-18 15:55:49'),
(241, 'Rodolfo', 'Correa', '228109142', '6003606200', 'rcorrea@salfa.cl', '', 1, '2015-03-18 15:43:33', '2015-03-18 15:55:49'),
(242, 'Rodrigo', 'Catalán', '227988737', '27984194', 'rcatalan@aminerals.cl', 'Subgerente de Desarrollo Organizacional', 1, '2015-03-18 15:43:33', '2015-03-18 15:55:49'),
(243, 'Rodrigo', 'Diaz', '226487957', NULL, 'rdiazv@santander.cl', 'Gerente de desarrollo y formación ', 1, '2015-03-18 15:43:33', '2015-03-18 15:55:49'),
(244, 'Rodrigo', 'Marticorena', NULL, NULL, NULL, '', 1, '2015-03-18 15:43:33', '2015-03-18 15:55:49'),
(245, 'Rodrigo', 'Mujica', NULL, NULL, NULL, '', 1, '2015-03-18 15:43:33', '2015-03-18 15:55:49'),
(246, 'Rodrigo', 'Pino', NULL, NULL, 'rpinog@sodimac.cl', '', 1, '2015-03-18 15:43:33', '2015-03-18 15:55:49'),
(247, 'Rodrigo', 'Sandoval', '224771443', '52199884', 'rodrigo.sandoval_orellana@siemens.com', '', 1, '2015-03-18 15:43:33', '2015-05-14 17:59:20'),
(248, 'Rodrigo', 'Silva', NULL, '94441377', 'rodrigo.silvai@coopeuch.cl', '', 1, '2015-03-18 15:43:33', '2015-03-18 15:55:49'),
(249, 'Rodrigo ', 'Lorca', '224444153', NULL, 'rodrigo.lorca@enex.cl', 'Consultor de RRHH', 1, '2015-03-18 15:43:33', '2015-03-18 15:55:49'),
(250, 'Rubén ', 'Burgos', NULL, NULL, 'ruben.burgos@xerox.com', 'Gerente General', 1, '2015-03-18 15:43:33', '2015-03-18 15:55:49'),
(251, 'Sabina', 'Cortés', '223286302', NULL, 'Sabina.cortes@coopeuch.cl', 'Analista de beneficios y Alianzas comerciales a Socios', 1, '2015-03-18 15:43:33', '2015-03-18 15:55:49'),
(252, 'Saide', 'Xhemale', '227381000', 'anexo 6012021', 'sxhemale@sodimac.cl', '', 1, '2015-03-18 15:43:33', '2015-03-18 15:55:49'),
(253, 'Salvador ', 'Diaz', '229648165', NULL, 'sadiaz@losheroes.cl', 'Gerente de Fidelización', 1, '2015-03-18 15:43:33', '2015-03-18 15:55:49'),
(254, 'Sandra', 'Berly', '22487 2000', NULL, 'sandra.berly.c@cvv.cl', '', 1, '2015-03-18 15:43:33', '2015-03-18 15:55:49'),
(255, 'Sandra', 'Gonzalez ', '223286252', NULL, 'sandra.gonzalez@coopeuch.cl', 'Sub gerente de MKT', 1, '2015-03-18 15:43:33', '2015-03-18 15:55:49'),
(256, 'Sandra', 'Mardones', '26103075', NULL, 'smardones@clinicalascondes.cl', '', 1, '2015-03-18 15:43:33', '2015-03-18 15:55:49'),
(257, 'Sandra ', 'Mejias', '224615661', '7-7972880', 'sandra.mejias@clarochile.cl', 'JEFE DE CAPACITACION INTERNA', 1, '2015-03-18 15:43:33', '2015-03-18 15:55:49'),
(258, 'Sebastian ', 'Carvajal', '223961760', '', 'sebastian.carvajal@cl.rsagroup.com', 'Encargado de Capacitación', 1, '2015-03-18 15:43:33', '2015-04-16 18:49:27'),
(259, 'Sebastián ', 'Castro', '223852454', '223852464', 'castro-sebastian@aramark.cl', '', 1, '2015-03-18 15:43:33', '2015-03-18 15:55:49'),
(260, 'Sergio', 'Gutiérrez', '224704460', '94351269', 'sgutierrez@espacioriesco.cl', 'Gerente General', 1, '2015-03-18 15:43:33', '2015-03-18 15:55:49'),
(261, 'Sol', 'Castro', NULL, NULL, NULL, '', 1, '2015-03-18 15:43:33', '2015-03-18 15:55:49'),
(262, 'Soledad ', 'Alamazán', '(562) 2 636 6666', 'sin datos ', 'salmazan@integramedica.cl', 'Gte RRHH', 1, '2015-03-18 15:43:33', '2015-03-18 15:55:49'),
(263, 'Soledad ', 'Pierola ', 'sin datos ', '56998784566', 'spiero60@bancoestado.cl', 'Especialista de Entrenamiento', 1, '2015-03-18 15:43:33', '2015-03-18 15:55:49'),
(264, 'Soledad ', 'Worthington', '224137185', NULL, 'worthington.soledad@principal.com', 'Sub Gerente RRHH', 1, '2015-03-18 15:43:33', '2015-03-18 15:55:49'),
(265, 'Tania', 'Parraguez', NULL, '6-9087176', 'tania.parraguez@copeval.cl', 'EJECUTIVA DE PROYECTOS, COPEVAL', 1, '2015-03-18 15:43:33', '2015-03-18 15:55:49'),
(266, 'Tatiana', 'Larrabe', '226533404', '', 'talarrabe@bancochile.cl', 'Gerente de capacitación', 1, '2015-03-18 15:43:33', '2015-04-08 18:18:41'),
(267, 'Trinidad', 'Bargsted', NULL, NULL, 'tbargsted@sodimac.cl', '', 1, '2015-03-18 15:43:33', '2015-03-18 15:55:49'),
(268, 'Verónica', 'Gallozo', '226907705', NULL, NULL, '', 1, '2015-03-18 15:43:33', '2015-03-18 15:55:49'),
(269, 'Verónica', 'Torres', NULL, NULL, NULL, 'Subgerente de Area', 1, '2015-03-18 15:43:33', '2015-03-18 15:55:49'),
(270, 'Verónica', 'Villarroel', '223827105', NULL, 'mvillarroelm@chilexpress.cl', 'Gerente de RRHH', 1, '2015-03-18 15:43:33', '2015-03-18 15:55:49'),
(271, 'Virginia', 'Maureira', '224112700', NULL, 'vmaureira@portalinmobiliario.com', '', 1, '2015-03-18 15:43:33', '2015-03-18 15:55:49'),
(272, 'Virginia ', 'Vergara ', '(56-2) 2700000', '56998702032', 'vvergara@bancoestado.cl', 'Subgerente Zonal Sur ', 1, '2015-03-18 15:43:33', '2015-03-18 15:55:49'),
(273, 'Wilson ', 'Ordenes', '22631 8354  ', NULL, 'wordenes@corfo.cl', 'EJECUTIVO DESARROLLO DE PERSONAS', 1, '2015-03-18 15:43:33', '2015-03-18 15:55:49'),
(274, 'Ximena ', 'Moran', '(75) 2564122', NULL, 'xmoran@migueltorres.cl', '', 1, '2015-03-18 15:43:33', '2015-03-18 15:55:49'),
(275, 'Ximena ', 'Silva', '225402448', NULL, 'xsilva@sitrans.cl', '', 1, '2015-03-18 15:43:33', '2015-03-18 15:55:49'),
(276, 'Yerko', 'Marincovic', '227154452', NULL, 'ymarincovic@magallanes.cl', '', 1, '2015-03-18 15:43:33', '2015-03-18 15:55:49'),
(277, '', 'Agosin', '', '', '', '', 1, '2015-03-18 15:43:33', '2015-03-18 15:55:49'),
(278, '', '', '228345500', '81393705', 'mlarocca@becapitals.com', 'Gerente General', 1, '2015-03-18 15:43:33', '2015-03-18 15:55:49'),
(279, '', '', '224206600', '', '', '', 1, '2015-03-18 15:43:33', '2015-03-18 15:55:49'),
(280, '', '', '226752000', '', '', 'Encargado de CAPACITACION', 1, '2015-03-18 15:43:33', '2015-03-18 15:55:49'),
(281, '', '', '800802800', '', '', '', 1, '2015-03-18 15:48:53', '2015-03-18 15:55:49'),
(282, '', '', '225949404', '', 'marce@suksa.cl', 'Sub gerente de RRHH', 1, '2015-03-18 15:48:53', '2015-03-18 15:55:49'),
(283, '', '', '', '6007004000/6947566', '', '', 1, '2015-03-18 15:48:53', '2015-03-18 15:55:49'),
(284, 'Loreto ', 'Pulido', '', '88195698', 'lpulido@rvc.cl', 'Gerente de RRHH', 1, '2015-03-19 15:23:32', NULL),
(285, 'Sin nombre Cliente', 'Sin apellido Cliente', '228345500', '81393705', 'mlarocca@becapitals.com', 'Gerente General', 1, '2015-03-19 15:30:53', '2015-03-20 13:19:49'),
(286, 'sin datos', 'sin datos', '224206600', NULL, NULL, 'sin datos', 1, '2015-03-20 13:44:51', NULL),
(290, 'prueba', 'prueba', '232323()+23', '232323()+23', 'asdasd@asdasd.cl', 'asdasda', 0, '2015-03-23 16:46:45', '2015-03-23 16:47:03'),
(291, 'pruebaa pruebaa ', 'pruebaa pruebaa', '231231231()+', '231231231()+', 'prueba@pruebaa.cl', 'asdasd asdasd () +', 0, '2015-03-27 12:18:48', '2015-03-27 12:19:14'),
(292, 'asdasdasdasd', 'estoesunapruebawasd', 'estoesunaprueba', 'estoesunaprueba', 'estoesssunaprueba@asda.cl', 'estoesunaprueba', 0, '2015-03-27 12:34:14', '2015-03-27 12:36:29'),
(293, 'Luis Enrique', 'Gumucio', '226362628', '7-5694082', 'lgumucio@ohionational.cl', 'Subgerente RRHH', 1, '2015-04-02 14:53:07', NULL),
(294, 'Magdalie', 'Sarah', '223655076', '', '', 'Encargada de Capacitación', 1, '2015-04-06 15:33:02', '2015-04-13 18:54:57'),
(295, 'Gissel', 'Ramirez', '226313481', '', '', 'Encargada de Capacitación', 1, '2015-04-06 15:35:41', NULL),
(296, 'prueba', 'prueba', '', '', '', 'prueba', 0, '2015-04-06 19:19:28', '2015-04-06 19:20:39'),
(297, 'Pablo ', 'Muñoz', '', '', 'pmunoz@rvc.cl', 'Encargado de capacitación', 1, '2015-04-15 12:40:05', NULL),
(298, 'Jorge', 'Cotes Calderón', '223203633', '', 'jcotes@santander.cl', 'Especialista de Formación ', 1, '2015-04-20 16:00:28', NULL),
(299, 'Andrea ', 'Pinaud', '226317011', '', 'apinaud@transbank.cl', 'secretaria gerencia', 1, '2015-04-23 15:15:28', NULL),
(300, 'Pamela', 'Fuentes', '+56 2 22805500', '+56 2 22805557', 'pamela.fuentes@ltcmanpower.cl', 'Coordinadora de empresas', 1, '2015-04-27 14:26:35', NULL),
(301, 'Adriana', 'Lira', '', '', 'alira@chilexpress.cl', 'Jefe de Desarrollo Organizacional', 1, '2015-05-05 15:50:04', NULL),
(302, 'Carolina', 'Farji', '', '99180120', 'cfarji@elecmetal.cl', 'Jefa de desarrollo organizacional', 1, '2015-05-06 14:26:12', NULL),
(303, 'Paul', 'Fry', '', '74995881', 'ptfry@Falabella.cl', 'Sub gerente de Desarrollo Organizacional ', 1, '2015-05-07 12:28:30', '2015-05-07 12:46:19'),
(304, 'Gerardo', 'Salinas Mendozza', '', '', '', 'Sub-Gte. RRHH', 1, '2015-05-11 14:39:57', NULL),
(305, 'Marianela', 'Urriola', '6576635', '', 'marianela.urriola@sonda.com', 'Encargada capacitaciones', 1, '2015-05-11 14:42:02', NULL),
(306, 'Andres', 'Godoy Calderon', '591 0600', '', 'andres.godoy@compass-group.cl', 'Jefe de Capacitaciones', 1, '2015-05-11 14:43:45', '2015-05-11 16:11:55'),
(307, 'Jessica', 'Mena', '595 8000', '', 'jessica.mena@prosegur.com', 'Jefa de Capacitaciones', 1, '2015-05-11 14:46:55', NULL),
(308, 'Maria Luisa', 'Aedo', '28227164', '', 'maria.aedo@turbus.cl', 'Jefa de Capacitaciones', 1, '2015-05-11 14:48:20', NULL),
(309, 'Paulina', 'Rojas', '2009000/2009108', '', 'projas@atentochile.cl', 'Jefa de Capacitaciones', 1, '2015-05-11 14:49:46', NULL),
(310, 'Elizabeth', 'Yevenes', '5607000', '', 'elizabeth.yevenes@cbb.cl', 'Jefa de Capacitaciones', 1, '2015-05-11 14:50:51', NULL),
(311, 'Fernando', 'Cavieres', '498 9600', '', 'fcavieres@zublin.cl', 'Jefe de Capacitaciones', 1, '2015-05-11 14:52:32', NULL),
(312, 'Claudia', 'Garrido', '28734772', '', 'claudia@fruna.cl', 'Jefa de Capacitaciones', 1, '2015-05-11 14:54:07', NULL),
(313, 'Claudia', 'Garrido', '28734772', '', 'claudia@fruna.cl', 'Jefa de Capacitaciones', 1, '2015-05-11 14:54:11', NULL),
(314, 'Daniela', 'Musalem Yanine', '8763200', '', 'daniela.musalem@flsmith.com', 'Jefa de Capacitaciones', 1, '2015-05-11 14:55:44', NULL),
(315, 'Daniela', 'Vidal', '26751000', '', '', 'Jefa de Capacitaciones', 1, '2015-05-11 14:58:32', NULL),
(316, 'Francisco', 'Lopez Iglesas', '27848505', '', '', 'Jefe de Capacitaciones', 1, '2015-05-11 15:00:14', NULL),
(317, 'Marcela', 'Meneses', '6770203', '', '', 'Jefa de Capacitaciones', 1, '2015-05-11 15:01:24', NULL),
(318, 'Kristel', 'Momberg', '26377046', '', 'kmomberg@browne.cl', 'Jefa de Capacitaciones', 1, '2015-05-11 15:03:04', NULL),
(319, 'Alejandra', 'Carrasco', '', '', 'acarrascog@duoc.cl', 'Encargada de personas', 1, '2015-05-12 18:04:27', NULL),
(320, 'Gustavo', 'Merino', '225601600', '', 'gustavomerino@derco.cl', 'Jefe de Capacitación ', 1, '2015-05-13 13:45:38', NULL),
(321, 'Gustavo', 'Merino', '225601559', '65362507', 'gustavomerino@derco.cl', 'Jefe de Capacitación ', 1, '2015-05-13 13:50:04', NULL),
(322, 'Alberto', 'Valencia', '229151652', '', 'eduardo.valencia@sura.cl', 'Videpresidente Comercial', 1, '2015-05-13 17:45:56', NULL),
(323, 'Alejandra', 'Carrasco', '', '', 'acarrascog@duoc.cl', 'Encargada de personas - Sede Antonio Varas', 1, '2015-05-14 14:08:51', NULL),
(324, 'Cristian', 'Gonzalez', '227141324', '', 'cristian.gonzalezv@indumotora.cl', 'Jefe de Capacitación ', 1, '2015-05-15 16:34:06', NULL),
(325, 'Sebastian', 'Jamed', '22714 1363', '97871123', 'sebastian.jamed@indumotora.cl', 'Ejecutivo de capacitación', 0, '2015-05-15 18:14:47', '2015-05-15 18:15:09'),
(326, 'Pedro', 'Del campo', '223529800', '', 'pdelcampo@proforma.cl', 'Gerente General ', 1, '2015-05-18 17:53:04', NULL),
(327, 'Michel', 'Faure Bastias', '225994708', '', 'mfaure@proforma.cl', 'Presidente', 1, '2015-05-18 17:55:48', NULL);

-- --------------------------------------------------------

--
-- Estructura de tabla para la tabla `tblcontactoxdivision`
--

CREATE TABLE IF NOT EXISTS `tblcontactoxdivision` (
  `idContactoxDivision` int(11) NOT NULL AUTO_INCREMENT,
  `idContacto` int(11) NOT NULL,
  `idDivision` int(11) NOT NULL,
  `estado` tinyint(1) NOT NULL,
  `created_at` timestamp NULL DEFAULT CURRENT_TIMESTAMP,
  `updated_at` timestamp NULL DEFAULT NULL ON UPDATE CURRENT_TIMESTAMP,
  PRIMARY KEY (`idContactoxDivision`)
) ENGINE=InnoDB  DEFAULT CHARSET=latin1 AUTO_INCREMENT=323 ;

--
-- Volcado de datos para la tabla `tblcontactoxdivision`
--

INSERT INTO `tblcontactoxdivision` (`idContactoxDivision`, `idContacto`, `idDivision`, `estado`, `created_at`, `updated_at`) VALUES
(1, 1, 92, 1, '2015-03-19 13:12:35', NULL),
(2, 2, 123, 1, '2015-03-19 13:12:35', NULL),
(3, 3, 190, 1, '2015-03-19 13:12:35', NULL),
(4, 4, 180, 1, '2015-03-19 13:12:35', NULL),
(5, 5, 203, 1, '2015-03-19 13:12:35', NULL),
(6, 6, 46, 1, '2015-03-19 13:12:35', NULL),
(7, 7, 69, 1, '2015-03-19 13:12:35', NULL),
(8, 8, 176, 1, '2015-03-19 13:12:35', NULL),
(9, 9, 104, 1, '2015-03-19 13:12:35', NULL),
(10, 10, 167, 1, '2015-03-19 13:12:35', '2015-03-19 20:31:39'),
(11, 11, 19, 1, '2015-03-19 13:12:35', NULL),
(12, 12, 106, 1, '2015-03-19 13:12:35', NULL),
(13, 13, 207, 1, '2015-03-19 13:12:35', NULL),
(14, 14, 18, 1, '2015-03-19 13:12:35', NULL),
(15, 15, 133, 1, '2015-03-19 13:12:35', NULL),
(16, 16, 39, 1, '2015-03-19 13:12:35', NULL),
(17, 17, 31, 1, '2015-03-19 13:12:35', NULL),
(18, 18, 218, 1, '2015-03-19 13:12:35', NULL),
(19, 19, 119, 1, '2015-03-19 13:12:35', '2015-03-20 14:26:37'),
(20, 20, 131, 1, '2015-03-19 13:12:35', NULL),
(21, 21, 211, 1, '2015-03-19 13:12:35', '2015-03-19 15:19:13'),
(22, 22, 179, 1, '2015-03-19 13:12:35', NULL),
(23, 23, 27, 1, '2015-03-19 13:12:35', '2015-03-19 15:17:16'),
(24, 24, 186, 1, '2015-03-19 13:12:35', '2015-03-20 12:15:23'),
(25, 25, 28, 1, '2015-03-19 13:12:35', '2015-03-19 15:23:55'),
(26, 26, 216, 1, '2015-03-19 13:12:35', '2015-03-19 20:34:44'),
(27, 27, 170, 1, '2015-03-19 13:12:35', '2015-03-19 20:34:55'),
(28, 28, 25, 1, '2015-03-19 13:12:35', '2015-03-19 20:47:39'),
(29, 29, 175, 1, '2015-03-19 13:12:35', '2015-03-19 20:50:06'),
(30, 30, 181, 1, '2015-03-19 13:12:35', '2015-03-20 12:10:26'),
(31, 31, 153, 1, '2015-03-19 13:12:35', NULL),
(32, 32, 218, 1, '2015-03-19 13:12:35', NULL),
(33, 33, 81, 1, '2015-03-19 13:12:35', NULL),
(34, 34, 11, 1, '2015-03-19 13:12:35', NULL),
(35, 35, 53, 1, '2015-03-19 13:12:35', NULL),
(36, 36, 58, 1, '2015-03-19 13:12:35', NULL),
(37, 37, 111, 1, '2015-03-19 13:12:35', NULL),
(38, 38, 142, 1, '2015-03-19 13:12:35', NULL),
(39, 39, 205, 1, '2015-03-19 13:12:35', '2015-03-19 19:41:26'),
(40, 40, 125, 1, '2015-03-19 13:12:35', '2015-03-19 19:39:12'),
(41, 41, 51, 1, '2015-03-19 13:12:35', '2015-03-19 16:15:15'),
(42, 42, 89, 1, '2015-03-19 13:12:35', '2015-03-19 16:00:21'),
(43, 43, 134, 1, '2015-03-19 13:12:35', '2015-03-19 16:15:28'),
(44, 44, 135, 1, '2015-03-19 13:12:35', '2015-03-19 16:38:34'),
(45, 45, 98, 1, '2015-03-19 13:12:35', '2015-03-19 18:09:51'),
(46, 46, 47, 1, '2015-03-19 13:12:35', '2015-03-19 16:00:32'),
(47, 47, 29, 1, '2015-03-19 13:12:35', '2015-03-19 15:24:06'),
(48, 48, 84, 1, '2015-03-19 13:12:35', '2015-03-19 18:30:29'),
(49, 49, 212, 1, '2015-03-19 13:12:35', NULL),
(50, 50, 69, 1, '2015-03-19 13:12:35', '2015-03-19 17:43:30'),
(51, 51, 80, 1, '2015-03-19 13:12:35', '2015-03-19 15:57:17'),
(52, 52, 46, 1, '2015-03-19 13:12:35', '2015-03-19 15:57:03'),
(53, 53, 22, 1, '2015-03-19 13:12:35', NULL),
(54, 54, 147, 1, '2015-03-19 13:12:35', '2015-03-19 17:38:34'),
(55, 55, 69, 1, '2015-03-19 13:12:35', '2015-03-19 17:38:03'),
(56, 56, 13, 1, '2015-03-19 13:12:35', '2015-03-19 14:32:23'),
(57, 57, 96, 1, '2015-03-19 13:12:35', '2015-03-19 18:41:14'),
(58, 58, 192, 1, '2015-03-19 13:12:35', '2015-03-19 19:11:56'),
(59, 59, 109, 1, '2015-03-19 13:12:35', '2015-03-19 19:10:26'),
(60, 60, 209, 1, '2015-03-19 13:12:35', '2015-03-20 12:41:04'),
(61, 61, 136, 1, '2015-03-19 13:12:35', '2015-03-20 12:41:15'),
(62, 62, 187, 1, '2015-03-19 13:12:35', NULL),
(63, 63, 186, 1, '2015-03-19 13:12:35', NULL),
(64, 64, 99, 1, '2015-03-19 13:12:35', NULL),
(65, 65, 25, 1, '2015-03-19 13:12:35', '2015-03-19 20:47:55'),
(66, 66, 175, 1, '2015-03-19 13:12:35', '2015-03-19 20:50:40'),
(67, 67, 138, 1, '2015-03-19 13:12:35', '2015-03-19 15:54:14'),
(68, 68, 120, 1, '2015-03-19 13:12:35', NULL),
(69, 69, 45, 1, '2015-03-19 13:12:35', '2015-03-19 16:05:28'),
(70, 70, 1, 1, '2015-03-19 13:12:35', NULL),
(71, 71, 78, 1, '2015-03-19 13:12:35', '2015-03-19 17:55:22'),
(72, 72, 143, 1, '2015-03-19 13:12:35', '2015-03-19 20:04:00'),
(73, 73, 198, 1, '2015-03-19 13:12:35', '2015-03-20 14:57:05'),
(74, 74, 166, 1, '2015-03-19 13:12:35', NULL),
(75, 75, 113, 1, '2015-03-19 13:12:35', '2015-03-19 17:59:35'),
(76, 76, 122, 1, '2015-03-19 13:12:35', '2015-03-19 18:16:14'),
(77, 77, 81, 1, '2015-03-19 13:12:35', '2015-03-20 13:58:34'),
(78, 78, 107, 1, '2015-03-19 13:12:35', '2015-03-19 19:05:03'),
(79, 79, 95, 1, '2015-03-19 13:12:35', '2015-03-19 18:17:23'),
(80, 80, 130, 1, '2015-03-19 13:12:35', NULL),
(81, 81, 196, 1, '2015-03-19 13:12:35', NULL),
(82, 82, 69, 1, '2015-03-19 13:12:35', '2015-03-19 17:43:44'),
(83, 83, 149, 1, '2015-03-19 13:12:35', '2015-03-19 14:26:48'),
(84, 84, 10, 1, '2015-03-19 13:12:35', '2015-03-19 14:25:57'),
(85, 85, 140, 1, '2015-03-19 13:12:35', NULL),
(86, 86, 27, 1, '2015-03-19 13:12:35', NULL),
(87, 87, 213, 1, '2015-03-19 13:12:35', '2015-03-19 19:01:19'),
(88, 88, 198, 1, '2015-03-19 13:12:35', '2015-03-20 12:06:12'),
(89, 89, 105, 1, '2015-03-19 13:12:35', '2015-03-19 19:01:08'),
(90, 90, 180, 1, '2015-03-19 13:12:35', '2015-03-19 19:24:08'),
(91, 91, 141, 1, '2015-03-19 13:12:35', NULL),
(92, 92, 97, 1, '2015-03-19 13:12:35', NULL),
(93, 93, 145, 1, '2015-03-19 13:12:35', '2015-03-19 14:09:08'),
(94, 94, 27, 1, '2015-03-19 13:12:35', NULL),
(95, 95, 186, 1, '2015-03-19 13:12:35', '2015-03-19 18:45:51'),
(96, 96, 100, 1, '2015-03-19 13:12:35', '2015-03-19 18:43:50'),
(97, 97, 125, 1, '2015-03-19 13:12:35', '2015-03-19 19:43:58'),
(98, 98, 43, 1, '2015-03-19 13:12:35', '2015-03-19 14:21:38'),
(99, 99, 216, 1, '2015-03-19 13:12:35', '2015-03-19 16:03:55'),
(100, 100, 7, 1, '2015-03-19 13:12:35', '2015-03-19 14:19:34'),
(101, 101, 113, 1, '2015-03-19 13:12:35', '2015-03-19 19:20:05'),
(102, 102, 17, 1, '2015-03-19 13:12:35', NULL),
(103, 103, 103, 1, '2015-03-19 13:12:35', NULL),
(104, 104, 153, 1, '2015-03-19 13:12:35', '2015-03-19 18:39:30'),
(105, 105, 98, 1, '2015-03-19 13:12:35', '2015-03-19 18:38:12'),
(106, 106, 180, 1, '2015-03-19 13:12:35', NULL),
(107, 107, 181, 1, '2015-03-19 13:12:35', '2015-03-20 12:10:34'),
(108, 108, 16, 1, '2015-03-19 13:12:35', NULL),
(109, 109, 159, 1, '2015-03-19 13:12:35', '2015-03-19 14:38:27'),
(110, 110, 152, 1, '2015-03-19 13:12:35', '2015-03-19 20:17:09'),
(111, 111, 184, 1, '2015-03-19 13:12:35', '2015-03-19 20:19:10'),
(112, 112, 20, 1, '2015-03-19 13:12:35', '2015-03-19 14:38:14'),
(113, 113, 151, 1, '2015-03-19 13:12:35', '2015-03-19 20:14:37'),
(114, 114, 49, 1, '2015-03-19 13:12:35', NULL),
(115, 115, 198, 1, '2015-03-19 13:12:35', '2015-03-20 12:33:21'),
(116, 116, 54, 1, '2015-03-19 13:12:35', NULL),
(117, 117, 1, 1, '2015-03-19 13:12:35', NULL),
(118, 118, 62, 1, '2015-03-19 13:12:35', NULL),
(119, 119, 57, 1, '2015-03-19 13:12:35', NULL),
(120, 120, 139, 1, '2015-03-19 13:12:35', '2015-03-20 14:44:48'),
(121, 121, 125, 1, '2015-03-19 13:12:35', '2015-03-19 15:50:30'),
(122, 122, 46, 1, '2015-03-19 13:12:35', '2015-03-19 15:50:14'),
(123, 123, 201, 1, '2015-03-19 13:12:35', '2015-03-19 16:47:25'),
(124, 124, 58, 1, '2015-03-19 13:12:35', '2015-03-19 16:47:35'),
(125, 125, 136, 1, '2015-03-19 13:12:35', NULL),
(126, 126, 78, 1, '2015-03-19 13:12:35', '2015-03-19 17:55:09'),
(127, 127, 170, 1, '2015-03-19 13:12:35', NULL),
(128, 128, 128, 1, '2015-03-19 13:12:35', NULL),
(129, 129, 198, 1, '2015-03-19 13:12:35', '2015-03-19 18:27:56'),
(130, 130, 9, 1, '2015-03-19 13:12:35', NULL),
(131, 131, 18, 1, '2015-03-19 13:12:35', NULL),
(132, 132, 181, 1, '2015-03-19 13:12:35', '2015-03-20 12:10:44'),
(133, 133, 41, 1, '2015-03-19 13:12:35', '2015-03-19 15:07:14'),
(134, 134, 24, 1, '2015-03-19 13:12:35', '2015-03-19 15:05:38'),
(135, 135, 65, 1, '2015-03-19 13:12:35', NULL),
(136, 136, 157, 1, '2015-03-19 13:12:35', '2015-03-19 15:08:56'),
(137, 137, 69, 1, '2015-03-19 13:12:35', NULL),
(138, 138, 112, 1, '2015-03-19 13:12:35', NULL),
(139, 139, 69, 1, '2015-03-19 13:12:35', '2015-03-20 14:10:46'),
(140, 140, 207, 1, '2015-03-19 13:12:35', NULL),
(141, 141, 27, 1, '2015-03-19 13:12:35', NULL),
(142, 142, 54, 1, '2015-03-19 13:12:35', NULL),
(143, 143, 4, 1, '2015-03-19 13:12:35', NULL),
(144, 200, 144, 1, '2015-03-19 13:12:35', '2015-03-19 14:15:52'),
(145, 145, 54, 1, '2015-03-19 13:12:35', '2015-03-19 16:18:30'),
(146, 146, 3, 1, '2015-03-19 13:12:35', '2015-03-19 13:59:03'),
(147, 147, 1, 1, '2015-03-19 13:12:35', '2015-03-19 13:59:07'),
(148, 148, 147, 1, '2015-03-19 13:12:35', '2015-03-19 20:10:51'),
(149, 149, 131, 1, '2015-03-19 13:12:35', NULL),
(150, 150, 210, 1, '2015-03-19 13:12:35', NULL),
(151, 151, 110, 1, '2015-03-19 13:12:35', NULL),
(152, 152, 211, 1, '2015-03-19 13:12:35', NULL),
(153, 153, 190, 1, '2015-03-19 13:12:35', '2015-03-19 18:51:08'),
(154, 154, 146, 1, '2015-03-19 13:12:35', '2015-03-19 20:08:34'),
(155, 155, 5, 1, '2015-03-19 13:12:35', NULL),
(156, 156, 55, 1, '2015-03-19 13:12:35', '2015-03-19 16:18:39'),
(157, 157, 117, 1, '2015-03-19 13:12:35', '2015-03-19 19:25:55'),
(158, 158, 206, 1, '2015-03-19 13:12:35', NULL),
(159, 159, 73, 1, '2015-03-19 13:12:35', NULL),
(160, 160, 171, 1, '2015-03-19 13:12:35', '2015-03-19 14:42:09'),
(161, 161, 50, 1, '2015-03-19 13:12:35', NULL),
(162, 162, 20, 1, '2015-03-19 13:12:35', '2015-03-19 14:41:58'),
(163, 163, 217, 1, '2015-03-19 13:12:35', '2015-03-20 12:46:34'),
(164, 164, 82, 1, '2015-03-19 13:12:35', '2015-03-20 14:36:25'),
(165, 165, 84, 1, '2015-03-19 13:12:35', '2015-03-20 12:46:43'),
(166, 166, 101, 1, '2015-03-19 13:12:35', '2015-03-19 18:48:45'),
(167, 167, 57, 1, '2015-03-19 13:12:35', NULL),
(168, 168, 45, 1, '2015-03-19 13:12:35', NULL),
(169, 169, 23, 1, '2015-03-19 13:12:35', NULL),
(170, 170, 89, 1, '2015-03-19 13:12:35', NULL),
(171, 171, 140, 1, '2015-03-19 13:12:35', NULL),
(172, 172, 163, 1, '2015-03-19 13:12:35', NULL),
(173, 173, 161, 1, '2015-03-19 13:12:35', NULL),
(174, 174, 98, 1, '2015-03-19 13:12:35', NULL),
(175, 175, 74, 1, '2015-03-19 13:12:35', NULL),
(176, 176, 43, 1, '2015-03-19 13:12:35', NULL),
(177, 177, 108, 1, '2015-03-19 13:12:35', '2015-03-19 19:06:52'),
(178, 178, 113, 1, '2015-03-19 13:12:35', '2015-03-19 19:20:15'),
(179, 179, 191, 1, '2015-03-19 13:12:35', '2015-03-20 12:27:09'),
(180, 180, 215, 1, '2015-03-19 13:12:35', NULL),
(181, 181, 37, 1, '2015-03-19 13:12:35', NULL),
(182, 182, 21, 1, '2015-03-19 13:12:35', '2015-03-19 14:55:31'),
(183, 183, 106, 1, '2015-03-19 13:12:35', NULL),
(184, 184, 113, 1, '2015-03-19 13:12:35', '2015-03-19 19:20:24'),
(185, 185, 171, 1, '2015-03-19 13:12:35', NULL),
(186, 186, 56, 1, '2015-03-19 13:12:35', NULL),
(187, 187, 208, 1, '2015-03-19 13:12:35', '2015-03-19 18:27:34'),
(188, 188, 150, 1, '2015-03-19 13:12:35', '2015-03-19 20:12:51'),
(189, 189, 2, 1, '2015-03-19 13:12:35', NULL),
(190, 190, 137, 1, '2015-03-19 13:12:35', NULL),
(191, 191, 36, 1, '2015-03-19 13:12:35', NULL),
(192, 192, 42, 1, '2015-03-19 13:12:35', NULL),
(193, 193, 188, 1, '2015-03-19 13:12:35', NULL),
(194, 194, 189, 1, '2015-03-19 13:12:35', '2015-03-20 12:25:06'),
(195, 195, 91, 1, '2015-03-19 13:12:35', NULL),
(196, 196, 186, 1, '2015-03-19 13:12:35', '2015-03-20 12:15:35'),
(197, 197, 203, 1, '2015-03-19 13:12:35', NULL),
(198, 198, 40, 1, '2015-03-19 13:12:35', '2015-03-19 15:45:08'),
(199, 199, 102, 1, '2015-03-19 13:12:35', NULL),
(200, 200, 136, 1, '2015-03-19 13:12:35', NULL),
(201, 201, 136, 1, '2015-03-19 13:12:35', '2015-03-19 14:12:26'),
(202, 202, 32, 1, '2015-03-19 13:12:35', NULL),
(203, 203, 27, 1, '2015-03-19 13:12:35', NULL),
(204, 204, 84, 1, '2015-03-19 13:12:35', '2015-03-20 14:36:40'),
(205, 205, 178, 1, '2015-03-19 13:12:35', '2015-03-19 16:08:57'),
(206, 206, 48, 1, '2015-03-19 13:12:35', '2015-03-19 16:08:47'),
(207, 207, 190, 1, '2015-03-19 13:12:35', '2015-03-20 12:21:21'),
(208, 208, 186, 1, '2015-03-19 13:12:35', '2015-03-20 12:16:02'),
(209, 209, 30, 1, '2015-03-19 13:12:35', '2015-03-19 15:24:14'),
(210, 210, 21, 1, '2015-03-19 13:12:35', '2015-03-19 14:27:46'),
(211, 211, 33, 1, '2015-03-19 13:12:35', NULL),
(212, 214, 5, 1, '2015-03-19 13:12:35', '2015-03-19 14:04:42'),
(213, 213, 128, 1, '2015-03-19 13:12:35', NULL),
(214, 212, 77, 1, '2015-03-19 13:12:35', '2015-03-19 14:04:45'),
(215, 215, 90, 1, '2015-03-19 13:12:35', '2015-03-19 16:56:47'),
(216, 216, 63, 1, '2015-03-19 13:12:35', '2015-03-19 16:56:55'),
(217, 217, 142, 1, '2015-03-19 13:12:35', '2015-03-20 14:47:05'),
(218, 218, 154, 1, '2015-03-19 13:12:35', '2015-03-19 20:05:04'),
(219, 219, 207, 1, '2015-03-19 13:12:35', '2015-03-20 12:37:04'),
(220, 220, 129, 1, '2015-03-19 13:12:35', '2015-03-19 19:56:13'),
(221, 221, 155, 1, '2015-03-19 13:12:35', '2015-03-19 20:21:33'),
(222, 222, 156, 1, '2015-03-19 13:12:35', NULL),
(223, 223, 123, 1, '2015-03-19 13:12:35', '2015-03-19 19:36:37'),
(224, 224, 65, 1, '2015-03-19 13:12:35', NULL),
(225, 225, 121, 1, '2015-03-19 13:12:35', '2015-03-19 19:33:26'),
(226, 226, 57, 1, '2015-03-19 13:12:35', '2015-03-19 16:43:12'),
(227, 227, 127, 1, '2015-03-19 13:12:35', '2015-03-19 19:51:35'),
(228, 228, 61, 1, '2015-03-19 13:12:35', NULL),
(229, 229, 162, 1, '2015-03-19 13:12:35', '2015-03-19 19:54:15'),
(230, 230, 14, 1, '2015-03-19 13:12:35', '2015-03-19 14:32:35'),
(231, 231, 76, 1, '2015-03-19 13:12:35', '2015-03-19 17:52:10'),
(232, 232, 22, 1, '2015-03-19 13:12:35', NULL),
(233, 233, 213, 1, '2015-03-19 13:12:35', NULL),
(234, 234, 213, 1, '2015-03-19 13:12:35', NULL),
(235, 235, 196, 1, '2015-03-19 13:12:35', NULL),
(236, 236, 163, 1, '2015-03-19 13:12:35', NULL),
(237, 237, 204, 1, '2015-03-19 13:12:35', '2015-03-19 17:39:32'),
(238, 238, 69, 1, '2015-03-19 13:12:35', '2015-03-19 17:38:47'),
(239, 239, 43, 1, '2015-03-19 13:12:35', '2015-03-19 15:39:15'),
(240, 240, 35, 1, '2015-03-19 13:12:35', '2015-03-19 15:39:24'),
(241, 241, 172, 1, '2015-03-19 13:12:35', NULL),
(242, 242, 5, 1, '2015-03-19 13:12:35', NULL),
(243, 243, 174, 1, '2015-03-19 13:12:35', '2015-03-19 16:28:15'),
(244, 244, 75, 1, '2015-03-19 13:12:35', '2015-03-19 17:50:20'),
(245, 245, 52, 1, '2015-03-19 13:12:35', '2015-03-19 16:28:02'),
(246, 246, 192, 1, '2015-03-19 13:12:35', '2015-03-19 20:43:55'),
(247, 247, 177, 1, '2015-03-19 13:12:35', '2015-03-19 20:52:10'),
(248, 248, 84, 1, '2015-03-19 13:12:35', '2015-03-20 14:36:53'),
(249, 249, 109, 1, '2015-03-19 13:12:35', NULL),
(250, 250, 217, 1, '2015-03-19 13:12:35', NULL),
(251, 251, 83, 1, '2015-03-19 13:12:35', NULL),
(252, 252, 192, 1, '2015-03-19 13:12:35', '2015-03-20 12:29:34'),
(253, 253, 39, 1, '2015-03-19 13:12:35', NULL),
(254, 254, 222, 1, '2015-03-19 13:12:35', '2015-03-20 14:29:05'),
(255, 255, 83, 1, '2015-03-19 13:12:35', '2015-03-20 14:37:05'),
(256, 256, 72, 1, '2015-03-19 13:12:35', '2015-03-19 17:43:12'),
(257, 257, 65, 1, '2015-03-19 13:12:35', NULL),
(258, 258, 169, 1, '2015-03-19 13:12:35', NULL),
(259, 259, 6, 1, '2015-03-19 13:12:35', NULL),
(260, 260, 118, 1, '2015-03-19 13:12:35', NULL),
(261, 261, 132, 1, '2015-03-19 13:12:35', '2015-03-19 19:59:06'),
(262, 262, 126, 1, '2015-03-19 13:12:35', '2015-03-19 14:52:08'),
(263, 263, 34, 1, '2015-03-19 13:12:35', '2015-03-19 14:52:28'),
(264, 264, 160, 1, '2015-03-19 13:12:35', NULL),
(265, 265, 92, 1, '2015-03-19 13:12:35', '2015-03-19 18:13:57'),
(266, 266, 15, 1, '2015-03-19 13:12:35', '2015-03-19 16:42:34'),
(267, 267, 192, 1, '2015-03-19 13:12:35', '2015-03-20 12:29:47'),
(268, 268, 89, 1, '2015-03-19 13:12:35', '2015-03-19 16:28:37'),
(269, 269, 52, 1, '2015-03-19 13:12:35', '2015-03-19 16:28:25'),
(270, 270, 60, 1, '2015-03-19 13:12:35', '2015-03-19 16:50:35'),
(271, 271, 158, 1, '2015-03-19 13:12:35', NULL),
(272, 272, 17, 1, '2015-03-19 13:12:35', NULL),
(273, 273, 92, 1, '2015-03-19 13:12:35', '2015-03-20 14:00:47'),
(274, 274, 214, 1, '2015-03-19 13:12:35', '2015-03-20 12:06:26'),
(275, 275, 180, 1, '2015-03-19 13:12:35', '2015-03-20 12:05:50'),
(276, 276, 8, 1, '2015-03-19 13:12:35', NULL),
(277, 284, 219, 1, '2015-03-19 15:23:32', NULL),
(278, 285, 12, 1, '2015-03-19 15:31:42', NULL),
(279, 285, 221, 1, '2015-03-19 15:41:38', NULL),
(280, 144, 111, 1, '2015-03-19 19:16:03', NULL),
(281, 286, 38, 1, '2015-03-20 13:45:40', NULL),
(282, 287, 223, 0, '2015-03-23 15:13:06', '2015-03-23 15:13:33'),
(283, 288, 224, 0, '2015-03-23 15:14:02', '2015-03-23 15:14:19'),
(284, 289, 225, 0, '2015-03-23 15:52:29', '2015-03-23 15:53:13'),
(285, 290, 19, 0, '2015-03-23 16:46:45', '2015-03-23 16:47:03'),
(286, 291, 226, 0, '2015-03-27 12:18:48', '2015-03-27 12:19:14'),
(287, 292, 227, 0, '2015-03-27 12:34:14', '2015-03-27 12:36:29'),
(288, 293, 228, 1, '2015-04-02 14:53:07', NULL),
(289, 294, 229, 1, '2015-04-06 15:33:02', NULL),
(290, 295, 230, 1, '2015-04-06 15:35:41', NULL),
(291, 296, 231, 0, '2015-04-06 19:19:28', '2015-04-06 19:20:39'),
(292, 297, 232, 1, '2015-04-15 12:40:05', NULL),
(293, 298, 233, 1, '2015-04-20 16:00:28', NULL),
(294, 299, 234, 1, '2015-04-23 15:15:28', NULL),
(295, 300, 235, 1, '2015-04-27 14:26:36', NULL),
(296, 301, 60, 1, '2015-05-05 15:50:04', NULL),
(297, 302, 236, 1, '2015-05-06 14:26:12', NULL),
(298, 303, 237, 1, '2015-05-07 12:28:30', NULL),
(299, 304, 238, 1, '2015-05-11 14:39:57', NULL),
(300, 305, 239, 1, '2015-05-11 14:42:02', NULL),
(301, 306, 240, 1, '2015-05-11 14:43:45', NULL),
(302, 307, 241, 1, '2015-05-11 14:46:55', NULL),
(303, 308, 242, 1, '2015-05-11 14:48:20', NULL),
(304, 309, 243, 1, '2015-05-11 14:49:46', NULL),
(305, 310, 244, 1, '2015-05-11 14:50:51', NULL),
(306, 311, 245, 1, '2015-05-11 14:52:32', NULL),
(307, 312, 246, 1, '2015-05-11 14:54:07', NULL),
(308, 313, 246, 1, '2015-05-11 14:54:11', NULL),
(309, 314, 247, 1, '2015-05-11 14:55:44', NULL),
(310, 315, 248, 1, '2015-05-11 14:58:32', NULL),
(311, 316, 249, 1, '2015-05-11 15:00:14', NULL),
(312, 317, 250, 1, '2015-05-11 15:01:24', NULL),
(313, 318, 251, 1, '2015-05-11 15:03:04', NULL),
(314, 319, 252, 1, '2015-05-12 18:04:27', NULL),
(315, 320, 253, 1, '2015-05-13 13:45:38', NULL),
(316, 321, 254, 1, '2015-05-13 13:50:04', NULL),
(317, 322, 255, 1, '2015-05-13 17:45:56', NULL),
(318, 323, 256, 1, '2015-05-14 14:08:51', NULL),
(319, 324, 257, 1, '2015-05-15 16:34:06', NULL),
(320, 325, 258, 0, '2015-05-15 18:14:47', '2015-05-15 18:15:09'),
(321, 326, 259, 1, '2015-05-18 17:53:04', NULL),
(322, 327, 259, 1, '2015-05-18 17:55:48', NULL);

-- --------------------------------------------------------

--
-- Estructura de tabla para la tabla `tbldivision`
--

CREATE TABLE IF NOT EXISTS `tbldivision` (
  `idDivision` int(11) NOT NULL AUTO_INCREMENT,
  `idEmpresa` int(11) NOT NULL,
  `direccion` varchar(500) DEFAULT NULL,
  `nombreDivision` varchar(500) DEFAULT NULL,
  `comuna` varchar(500) DEFAULT NULL,
  `telefono` varchar(500) DEFAULT NULL,
  `emailDivision` varchar(500) DEFAULT NULL,
  `observacionesDivision` varchar(1000) DEFAULT NULL,
  `created_at` timestamp NULL DEFAULT CURRENT_TIMESTAMP,
  `updated_at` timestamp NULL DEFAULT NULL ON UPDATE CURRENT_TIMESTAMP,
  PRIMARY KEY (`idDivision`)
) ENGINE=InnoDB  DEFAULT CHARSET=latin1 AUTO_INCREMENT=260 ;

--
-- Volcado de datos para la tabla `tbldivision`
--

INSERT INTO `tbldivision` (`idDivision`, `idEmpresa`, `direccion`, `nombreDivision`, `comuna`, `telefono`, `emailDivision`, `observacionesDivision`, `created_at`, `updated_at`) VALUES
(1, 1, 'Ramón Carnicer 163', NULL, 'Providencia', NULL, NULL, NULL, '2015-03-18 14:19:51', NULL),
(2, 2, 'Bandera 236 piso 8', NULL, 'Santiago', NULL, NULL, NULL, '2015-03-18 14:19:51', NULL),
(3, 3, 'Camino La Estrella 401, Sector Punta de Cortes', NULL, 'Rancagua', NULL, NULL, NULL, '2015-03-18 14:19:51', NULL),
(4, 4, 'Pedro de Valdivia 291', NULL, 'Providencia', NULL, NULL, NULL, '2015-03-18 14:19:51', NULL),
(5, 5, 'Av. Apoquindo 4001, Piso 18', NULL, 'Las Condes', NULL, NULL, NULL, '2015-03-18 14:19:51', NULL),
(6, 6, 'Zañartu 1370 piso 3', NULL, 'Ñuñoa', NULL, NULL, NULL, '2015-03-18 14:19:51', NULL),
(7, 7, 'Av. El Golf 150, piso 6', NULL, 'Las Condes', NULL, NULL, NULL, '2015-03-18 14:19:51', NULL),
(8, 8, 'Agustinas 1022 oficina 702', NULL, 'Santiago', NULL, NULL, NULL, '2015-03-18 14:19:51', NULL),
(9, 9, 'Alameda 552 piso 1', NULL, 'Santiago', NULL, NULL, NULL, '2015-03-18 14:19:51', NULL),
(10, 10, 'Av. Central 350', NULL, 'Quilicura', NULL, NULL, NULL, '2015-03-18 14:19:51', NULL),
(11, 11, 'Edificio Agustinas piso 5', NULL, 'Santiago', NULL, NULL, NULL, '2015-03-18 14:19:51', NULL),
(12, 22, 'Av. La dehesa  1201, Edifcio torre oriente, Of. 207', NULL, 'Lo Barnechea', NULL, NULL, NULL, '2015-03-18 14:19:51', NULL),
(13, 12, NULL, NULL, NULL, NULL, NULL, NULL, '2015-03-18 14:19:51', NULL),
(14, 12, NULL, NULL, NULL, NULL, NULL, NULL, '2015-03-18 14:19:51', NULL),
(15, 12, 'RRHH', NULL, '', '226533404', 'talarrabe@bancochile.cl', NULL, '2015-03-18 14:19:51', '2015-04-08 18:18:02'),
(16, 13, 'Bandera 80, Entrepiso', NULL, 'Santiago', NULL, NULL, NULL, '2015-03-18 14:19:51', NULL),
(17, 13, 'Alameda 1111, Piso 4', NULL, 'Santiago', NULL, NULL, NULL, '2015-03-18 14:19:51', NULL),
(18, 13, 'Alameda 1111, Piso 7', NULL, 'Santiago', NULL, NULL, NULL, '2015-03-18 14:19:51', NULL),
(19, 13, 'Alameda 1111, Entrada Moneda', NULL, 'Santiago', NULL, NULL, NULL, '2015-03-18 14:19:51', NULL),
(20, 14, 'Miraflores 383', NULL, 'Santiago', NULL, NULL, NULL, '2015-03-18 14:19:51', NULL),
(21, 15, NULL, NULL, 'Santiago', NULL, NULL, NULL, '2015-03-18 14:19:51', NULL),
(22, 16, 'Enrique Foster Sur 20. Piso 2', NULL, 'Las Condes', NULL, NULL, NULL, '2015-03-18 14:19:51', NULL),
(23, 16, 'Enrique Foster Sur # 20, Piso 2.', NULL, 'Santiago', NULL, NULL, NULL, '2015-03-18 14:19:51', NULL),
(24, 17, 'Bandera 172, Piso 8', NULL, NULL, NULL, NULL, NULL, '2015-03-18 14:19:51', NULL),
(25, 18, NULL, NULL, NULL, NULL, NULL, NULL, '2015-03-18 14:19:51', NULL),
(26, 18, NULL, NULL, NULL, NULL, NULL, NULL, '2015-03-18 14:19:51', NULL),
(27, 19, 'Pedro de Valdivia 100 piso 11', NULL, 'Providencia', NULL, NULL, NULL, '2015-03-18 14:19:51', NULL),
(28, 20, NULL, NULL, NULL, NULL, NULL, NULL, '2015-03-18 14:19:51', NULL),
(29, 20, NULL, NULL, NULL, NULL, NULL, NULL, '2015-03-18 14:19:51', NULL),
(30, 20, NULL, NULL, NULL, NULL, NULL, NULL, '2015-03-18 14:19:51', NULL),
(31, 20, 'Miguel Cruchaga 920 piso 12 ', NULL, 'Santiago', NULL, NULL, NULL, '2015-03-18 14:19:51', NULL),
(32, 20, 'Av. El Golf 125', NULL, 'Las Condes', NULL, NULL, NULL, '2015-03-18 14:19:51', NULL),
(33, 21, 'Huérfanos 1189 - Piso 3 ', NULL, 'Santiago', NULL, NULL, NULL, '2015-03-18 14:19:51', NULL),
(34, 23, 'Miraflores 383 piso 23', NULL, 'Santiago', NULL, NULL, NULL, '2015-03-18 14:19:51', NULL),
(35, 24, 'Av. Tajamar 183 piso 10 of. 1003', NULL, 'Las Condes', NULL, NULL, NULL, '2015-03-18 14:19:51', NULL),
(36, 25, 'Teatinos 220', NULL, 'Santiago', NULL, NULL, NULL, '2015-03-18 14:19:51', NULL),
(37, 27, 'Camino Melipilla 10600', NULL, 'Maipu', NULL, NULL, NULL, '2015-03-18 14:19:51', NULL),
(38, 28, 'Nataniel Cox 125', NULL, 'Santiago', NULL, NULL, NULL, '2015-03-18 14:19:51', NULL),
(39, 29, 'Holanda 100 piso 1', NULL, 'Providencia', NULL, NULL, NULL, '2015-03-18 14:19:51', NULL),
(40, 30, NULL, NULL, NULL, NULL, NULL, NULL, '2015-03-18 14:19:51', NULL),
(41, 30, 'Merced 742 piso 10', NULL, 'Santiago', NULL, NULL, NULL, '2015-03-18 14:19:51', NULL),
(42, 30, 'Av. Ejército 193 (metro los héroes) salida sur', NULL, 'Santiago', NULL, NULL, NULL, '2015-03-18 14:19:51', NULL),
(43, 31, 'Alonso Ovalle 1465, piso 5', NULL, 'Santiago', NULL, NULL, NULL, '2015-03-18 14:19:51', NULL),
(44, 31, NULL, NULL, NULL, NULL, NULL, NULL, '2015-03-18 14:19:51', NULL),
(45, 31, 'Alonso Ovalle 1465, piso 1', NULL, 'Santiago', NULL, NULL, NULL, '2015-03-18 14:19:51', NULL),
(46, 31, 'Alonso Ovalle piso 2', NULL, 'Santiago', NULL, NULL, NULL, '2015-03-18 14:19:51', NULL),
(47, 31, 'San Ignacio 50, Tercer piso ', NULL, 'Santiago', NULL, NULL, NULL, '2015-03-18 14:19:51', NULL),
(48, 32, 'El  Golf 99, P. 13', NULL, 'Las Condes', NULL, NULL, NULL, '2015-03-18 14:19:51', NULL),
(49, 33, 'Almirante Pastene 185 Of. 610 piso 6', NULL, 'Providencia', NULL, NULL, NULL, '2015-03-18 14:19:51', NULL),
(50, 34, 'El Bosque Norte 440', NULL, 'Las Condes', NULL, NULL, NULL, '2015-03-18 14:19:51', NULL),
(51, 35, 'Monjitas 392 piso 1', NULL, 'Santiago', NULL, NULL, NULL, '2015-03-18 14:19:51', NULL),
(52, 35, 'Monjitas 392, piso 1', NULL, 'Santiago', NULL, NULL, NULL, '2015-03-18 14:19:51', NULL),
(53, 35, 'Monjitas 392, piso 1', NULL, 'Santiago', NULL, NULL, NULL, '2015-03-18 14:19:51', NULL),
(54, 35, 'Moneda 856 Piso 7 - Santiago', NULL, 'Santiago', NULL, NULL, NULL, '2015-03-18 14:19:51', NULL),
(55, 35, NULL, NULL, NULL, NULL, NULL, NULL, '2015-03-18 14:19:51', NULL),
(56, 37, 'Camino Longitudinal Sur 5201 ', NULL, 'San Bernardo', NULL, NULL, NULL, '2015-03-18 14:19:51', NULL),
(57, 39, 'Av. Kennedy 9001 piso 7', NULL, 'Las Condes', NULL, NULL, NULL, '2015-03-18 14:19:51', NULL),
(58, 40, 'Lo Boza 120-A', NULL, 'Pudahuel', NULL, NULL, NULL, '2015-03-18 14:19:51', NULL),
(59, 41, NULL, NULL, NULL, NULL, NULL, NULL, '2015-03-18 14:19:51', NULL),
(60, 42, 'José Joaquín Pérez 1376, Parque de Negocios ENEA', NULL, 'Pudahuel', NULL, NULL, NULL, '2015-03-18 14:19:51', NULL),
(61, 42, 'José Joaquín Pérez 1376', NULL, 'Pudahuel', '223824704', 'pormazabal@chilexpress.cl', NULL, '2015-03-18 14:19:51', '2015-05-05 15:48:21'),
(62, 43, 'Av. Argentina N° 1, Edificio Plaza Barón 5to piso', NULL, 'Valparaiso', NULL, NULL, NULL, '2015-03-18 14:19:51', NULL),
(63, 44, 'Camino Melipilla 9695', NULL, NULL, NULL, NULL, NULL, '2015-03-18 14:19:51', NULL),
(64, 45, NULL, NULL, NULL, NULL, NULL, NULL, '2015-03-18 14:19:51', NULL),
(65, 45, '', NULL, 'Santiago', NULL, NULL, NULL, '2015-03-18 14:19:51', NULL),
(66, 45, 'Cerro el plomo 5420 piso 10', NULL, 'Las Condes', NULL, NULL, NULL, '2015-03-18 14:19:51', NULL),
(67, 46, 'Av. Vitacura 5951', NULL, 'Vitacura', NULL, NULL, NULL, '2015-03-18 14:19:51', NULL),
(68, 46, 'Clinica Alemana Piso 5', NULL, 'Vitacura', NULL, NULL, NULL, '2015-03-18 14:19:51', NULL),
(69, 47, 'Clinica Alemana ', NULL, 'Vitacura', NULL, NULL, NULL, '2015-03-18 14:19:51', '2015-03-19 13:31:08'),
(70, 46, 'Clinica Alemana Piso 5', NULL, 'Vitacura', NULL, NULL, NULL, '2015-03-18 14:19:51', NULL),
(71, 46, 'Clinica Alemana ', NULL, 'Vitacura', NULL, NULL, NULL, '2015-03-18 14:19:51', NULL),
(72, 48, 'Lo Fontecilla 196 piso 2', NULL, 'Las Condes', NULL, NULL, NULL, '2015-03-18 14:19:51', NULL),
(73, 49, 'AVDA. PRESIDENTE RIESCO 5561 PISO 6 ', NULL, 'Las Condes', NULL, NULL, NULL, '2015-03-18 14:19:51', NULL),
(74, 50, 'Los Militares 5885 piso 10', NULL, 'Las Condes', NULL, NULL, NULL, '2015-03-18 14:19:51', NULL),
(75, 51, NULL, NULL, NULL, NULL, NULL, NULL, '2015-03-18 14:19:51', NULL),
(76, 52, NULL, NULL, NULL, NULL, NULL, NULL, '2015-03-18 14:19:51', NULL),
(77, 135, 'Avda. Americo Vespucio Norte 1573', NULL, 'Quilicura', NULL, NULL, NULL, '2015-03-18 14:19:51', NULL),
(78, 53, NULL, NULL, NULL, NULL, NULL, NULL, '2015-03-18 14:19:51', NULL),
(79, 53, NULL, NULL, NULL, NULL, NULL, NULL, '2015-03-18 14:19:51', NULL),
(80, 54, 'Av. Nueva Tajamar 481, Torre Norte, P 15', NULL, 'Las Condes', NULL, NULL, NULL, '2015-03-18 14:19:51', NULL),
(81, 55, 'Avda. El Bosque Sur 130 piso 6', NULL, 'Las Condes', NULL, NULL, NULL, '2015-03-18 14:19:51', NULL),
(82, 56, 'Alameda 194 Piso 3 ', NULL, 'Santiago', NULL, NULL, NULL, '2015-03-18 14:19:51', NULL),
(83, 56, 'Alameda 194 Piso 5', NULL, 'Santiago', NULL, NULL, NULL, '2015-03-18 14:19:51', NULL),
(84, 56, NULL, NULL, NULL, NULL, NULL, NULL, '2015-03-18 14:19:51', NULL),
(85, 56, 'Alameda 194 piso 5', NULL, 'Santiago', NULL, NULL, NULL, '2015-03-18 14:19:51', NULL),
(86, 56, NULL, NULL, NULL, NULL, NULL, NULL, '2015-03-18 14:19:51', NULL),
(87, 56, NULL, NULL, NULL, NULL, NULL, NULL, '2015-03-18 14:19:51', NULL),
(88, 56, NULL, NULL, NULL, NULL, NULL, NULL, '2015-03-18 14:19:51', NULL),
(89, 57, 'Agustinas 1382 Piso 7', NULL, 'Santiago', NULL, NULL, NULL, '2015-03-18 14:19:51', NULL),
(90, 57, NULL, NULL, NULL, NULL, NULL, NULL, '2015-03-18 14:19:51', NULL),
(91, 58, 'Avda. Vicuña Mackenna 1962', NULL, 'Ñuñoa', NULL, NULL, NULL, '2015-03-18 14:19:51', NULL),
(92, 59, NULL, NULL, NULL, NULL, NULL, NULL, '2015-03-18 14:19:51', NULL),
(93, 59, NULL, NULL, NULL, NULL, NULL, NULL, '2015-03-18 14:19:51', NULL),
(94, 59, NULL, NULL, NULL, NULL, NULL, NULL, '2015-03-18 14:19:51', NULL),
(95, 60, 'Arturo Prat 578', NULL, 'Santiago', NULL, NULL, NULL, '2015-03-18 14:19:51', NULL),
(96, 64, NULL, NULL, NULL, NULL, NULL, NULL, '2015-03-18 14:19:51', NULL),
(97, 61, 'Exposición 221', NULL, 'Estacion Central', NULL, NULL, NULL, '2015-03-18 14:19:51', NULL),
(98, 63, 'Amércio Vespucio 1842', NULL, 'Quilicura', NULL, NULL, NULL, '2015-03-18 14:19:51', NULL),
(99, 65, 'Academia de Guerra - Division de educación Valenzuela Llanos 623', NULL, NULL, NULL, NULL, NULL, '2015-03-18 14:19:51', NULL),
(100, 66, 'Avda. Vitacura 5093 piso 7 y 8', NULL, 'Vitacura', NULL, NULL, NULL, '2015-03-18 14:19:51', NULL),
(101, 67, 'Eliodoro Yañez 1595  ', NULL, 'Providencia', '', '', NULL, '2015-03-18 14:19:51', '2015-05-14 14:16:04'),
(102, 67, 'Eliodoro Yañez 1595 ', NULL, NULL, NULL, NULL, NULL, '2015-03-18 14:19:51', NULL),
(103, 68, 'Morandé 115', NULL, 'Santiago', NULL, NULL, NULL, '2015-03-18 14:19:51', NULL),
(104, 69, 'Av. Juan de la Fuente 734', NULL, 'Lampa', NULL, NULL, NULL, '2015-03-18 14:19:51', NULL),
(105, 70, 'Av. Santa María 5542', NULL, 'Vitacura', NULL, NULL, NULL, '2015-03-18 14:19:51', NULL),
(106, 71, 'Av. Mata 1195', NULL, 'Santiago', NULL, NULL, NULL, '2015-03-18 14:19:51', NULL),
(107, 72, NULL, NULL, NULL, NULL, NULL, NULL, '2015-03-18 14:19:51', NULL),
(108, 73, NULL, NULL, NULL, NULL, NULL, NULL, '2015-03-18 14:19:51', NULL),
(109, 75, 'Avda. Del Condor Sur 520', NULL, 'Huechuraba', NULL, NULL, NULL, '2015-03-18 14:19:51', NULL),
(110, 76, 'Costanera Sur 2760 torre C piso 4', NULL, 'Las Condes', NULL, NULL, NULL, '2015-03-18 14:19:51', NULL),
(111, 77, 'Isidora Goyenechea 2800 piso 26', NULL, 'Las Condes', NULL, NULL, NULL, '2015-03-18 14:19:51', NULL),
(112, 78, 'Cerro el plomo 6000 piso -1', NULL, 'Las Condes', '', 'jose.luis.pons@cl.ey.com', NULL, '2015-03-18 14:19:51', '2015-05-14 15:22:02'),
(113, 78, NULL, NULL, NULL, NULL, NULL, NULL, '2015-03-18 14:19:51', NULL),
(114, 78, NULL, NULL, NULL, NULL, NULL, NULL, '2015-03-18 14:19:51', NULL),
(115, 78, NULL, NULL, NULL, NULL, NULL, NULL, '2015-03-18 14:19:51', NULL),
(116, 78, NULL, NULL, NULL, NULL, NULL, NULL, '2015-03-18 14:19:51', NULL),
(117, 80, NULL, NULL, NULL, NULL, NULL, NULL, '2015-03-18 14:19:51', NULL),
(118, 81, 'Av. El Salto 5000', NULL, 'Huechuraba', NULL, NULL, NULL, '2015-03-18 14:19:51', NULL),
(119, 82, NULL, NULL, NULL, NULL, NULL, NULL, '2015-03-18 14:19:51', NULL),
(120, 83, 'Av. Manuel Rodríguez 770 - Santiago Centro', NULL, 'Santiago', NULL, NULL, NULL, '2015-03-18 14:19:51', NULL),
(121, 83, NULL, NULL, NULL, NULL, NULL, NULL, '2015-03-18 14:19:51', NULL),
(122, 86, NULL, NULL, 'Antofagasta', NULL, NULL, NULL, '2015-03-18 14:19:51', NULL),
(123, 87, NULL, NULL, NULL, NULL, NULL, NULL, '2015-03-18 14:19:51', NULL),
(124, 87, NULL, NULL, NULL, NULL, NULL, NULL, '2015-03-18 14:19:51', NULL),
(125, 88, 'Av. Amercio Vespucio 1601', NULL, 'Quilicura', NULL, NULL, NULL, '2015-03-18 14:19:51', NULL),
(126, 89, 'Huérfanos 1147, Galería Pacífico', NULL, 'Santiago', NULL, NULL, NULL, '2015-03-18 14:19:51', NULL),
(127, 90, 'Avda. Providencia 1979 piso 8', NULL, 'Providencia', NULL, NULL, NULL, '2015-03-18 14:19:51', NULL),
(128, 91, 'Avda. Pedro Fontova 6655', NULL, 'Huechuraba', NULL, NULL, NULL, '2015-03-18 14:19:51', NULL),
(129, 92, NULL, NULL, NULL, NULL, NULL, NULL, '2015-03-18 14:19:51', NULL),
(130, 94, 'San Crecente 240 ', NULL, 'Las Condes', NULL, NULL, NULL, '2015-03-18 14:19:51', NULL),
(131, 95, 'Av. Américo Vespucio 0631', NULL, 'Quilicura', NULL, NULL, NULL, '2015-03-18 14:19:51', NULL),
(132, 95, NULL, NULL, NULL, NULL, NULL, NULL, '2015-03-18 14:19:51', NULL),
(133, 96, 'Av. Eduardo Frei Montalva Nº520', NULL, 'Renca', NULL, NULL, NULL, '2015-03-18 14:19:51', NULL),
(134, 98, ' Av. Américo Vespucio 901, Santiago', NULL, 'Renca', NULL, NULL, NULL, '2015-03-18 14:19:51', NULL),
(135, 98, NULL, NULL, NULL, NULL, NULL, NULL, '2015-03-18 14:19:51', NULL),
(136, 98, 'Presidente Riesco 5711, piso 10', NULL, 'Las Condes', NULL, NULL, NULL, '2015-03-18 14:19:51', NULL),
(137, 98, 'Americo Vespucio, 901', NULL, 'Santiago', NULL, NULL, NULL, '2015-03-18 14:19:51', NULL),
(138, 98, 'Av. César Lavín Toro 2198, Edif- Mario Bontempi', NULL, 'Pudahuel', NULL, NULL, NULL, '2015-03-18 14:19:51', NULL),
(139, 99, NULL, NULL, NULL, NULL, NULL, NULL, '2015-03-18 14:19:51', NULL),
(140, 102, 'Av. Eduardo Frei Montalva 9829', NULL, 'Quilicura', NULL, NULL, NULL, '2015-03-18 14:19:51', NULL),
(141, 104, 'Agustinas 640 Piso 13', NULL, 'Santiago', NULL, NULL, NULL, '2015-03-18 14:19:51', NULL),
(142, 105, 'Av. Lib. Bernardo O`Higgins 1414', NULL, 'Santiago', NULL, NULL, NULL, '2015-03-18 14:19:51', NULL),
(143, 105, NULL, NULL, NULL, NULL, NULL, NULL, '2015-03-18 14:19:51', NULL),
(144, 107, 'Av. Apoquindo 4001, Piso 18', NULL, 'Las Condes', NULL, NULL, NULL, '2015-03-18 14:19:51', NULL),
(145, 110, 'Av. Apoquindo 4001, Piso 18', NULL, 'Las Condes', NULL, NULL, NULL, '2015-03-18 14:19:51', NULL),
(146, 112, 'Avenida las Condes 11.000 Piso 8', NULL, 'Las Condes', NULL, NULL, NULL, '2015-03-18 14:19:51', NULL),
(147, 113, NULL, NULL, NULL, NULL, NULL, NULL, '2015-03-18 14:19:51', NULL),
(148, 113, NULL, NULL, NULL, NULL, NULL, NULL, '2015-03-18 14:19:51', NULL),
(149, 114, 'Río Refugio 9665 - Parque de negocios ENEA', NULL, 'Pudahuel', NULL, NULL, NULL, '2015-03-18 14:19:51', NULL),
(150, 115, NULL, NULL, NULL, NULL, NULL, NULL, '2015-03-18 14:19:51', NULL),
(151, 116, 'Avda. Las Condes 11.287 piso 8', NULL, 'Las Condes', NULL, NULL, NULL, '2015-03-18 14:19:51', NULL),
(152, 118, 'Enrique Mac-Iver 440,  Piso 3', NULL, 'Santiago', NULL, NULL, NULL, '2015-03-18 14:19:51', NULL),
(153, 119, 'Hernando de Aguirre 856 piso 7', NULL, 'Providencia', NULL, NULL, NULL, '2015-03-18 14:19:51', NULL),
(154, 120, NULL, NULL, NULL, NULL, NULL, NULL, '2015-03-18 14:19:51', NULL),
(155, 121, 'Avda. El Bosque 500 piso 4', NULL, 'Las Condes', NULL, NULL, NULL, '2015-03-18 14:19:51', NULL),
(156, 123, 'Av. Pedro Montt 1606 torre E piso 2 centro de justicia (metro rondizoni)', NULL, 'Santiago', NULL, NULL, NULL, '2015-03-18 14:19:51', NULL),
(157, 124, NULL, NULL, NULL, NULL, NULL, NULL, '2015-03-18 14:19:51', NULL),
(158, 125, 'Rosario Norte 532 Of. 201', NULL, 'Las Condes', NULL, NULL, NULL, '2015-03-18 14:19:51', NULL),
(159, 126, 'Av. Del Valle 737 - Ciudad empresarial', NULL, 'Huechuraba', NULL, NULL, NULL, '2015-03-18 14:19:51', NULL),
(160, 127, 'Avda. Apoquindo 4001 piso 18', NULL, 'Las Condes', NULL, NULL, NULL, '2015-03-18 14:19:51', NULL),
(161, 128, 'Avda. Presidente Riesco #5335 Piso 17 ', NULL, 'Las Condes', NULL, NULL, NULL, '2015-03-18 14:19:51', NULL),
(162, 130, 'Av. Del Valle 869, Of. 503, 601', NULL, 'Quilicura', NULL, NULL, NULL, '2015-03-18 14:19:51', NULL),
(163, 132, 'Avenida del Valle 714, ciudad Empresarial', NULL, 'Huechuraba', NULL, NULL, NULL, '2015-03-18 14:19:51', NULL),
(164, 84, NULL, NULL, NULL, NULL, NULL, NULL, '2015-03-18 14:19:51', NULL),
(165, 62, NULL, NULL, NULL, NULL, NULL, NULL, '2015-03-18 14:19:51', NULL),
(166, 133, 'Amunategui 178 piso 3', NULL, 'Santiago', NULL, NULL, NULL, '2015-03-18 14:19:51', NULL),
(167, 134, NULL, NULL, NULL, NULL, NULL, NULL, '2015-03-18 14:19:51', NULL),
(168, 134, NULL, NULL, NULL, NULL, NULL, NULL, '2015-03-18 14:19:51', NULL),
(169, 136, 'Avda. Providencia 1760 Piso 4', NULL, 'Providencia', '23961000', 'servicioaclientes@cl.rsagroup.com', NULL, '2015-03-18 14:19:51', '2015-04-16 18:48:51'),
(170, 137, 'Av. Presidente Bulnes 140', NULL, 'Santiago', NULL, NULL, NULL, '2015-03-18 14:19:51', NULL),
(171, 138, 'Alameda', NULL, 'Santiago', NULL, NULL, NULL, '2015-03-18 14:19:51', NULL),
(172, 139, 'Rondizzoni 2130, (esto es entre boucheff y club hípico)', NULL, 'Santiago', NULL, NULL, NULL, '2015-03-18 14:19:51', NULL),
(173, 140, 'Bandera 172, piso 8', NULL, 'Santiago', NULL, NULL, NULL, '2015-03-18 14:19:51', NULL),
(174, 140, 'Bandera 140, piso 20', NULL, 'Santiago', NULL, NULL, NULL, '2015-03-18 14:19:51', NULL),
(175, 141, 'Morandé 226 piso 7', NULL, 'Santiago', NULL, NULL, NULL, '2015-03-18 14:19:51', NULL),
(176, 142, 'Cerro el plomo 5420 of. 1401', NULL, 'Las Condes', NULL, NULL, NULL, '2015-03-18 14:19:51', NULL),
(177, 143, 'Apoquindo 4775', NULL, 'Las Condes', '222310003', 'rodrigo.sandoval_orellana@siemens.com', NULL, '2015-03-18 14:19:51', '2015-05-14 18:16:27'),
(178, 144, NULL, NULL, NULL, NULL, NULL, NULL, '2015-03-18 14:19:51', NULL),
(179, 145, 'Nueva Costanera 4091', NULL, 'Vitacura', NULL, NULL, NULL, '2015-03-18 14:19:51', NULL),
(180, 146, 'Jorge Alessandri 10.700 (industria cochena)', NULL, 'San Bernardo', NULL, NULL, NULL, '2015-03-18 14:19:51', NULL),
(181, 147, NULL, NULL, NULL, NULL, NULL, NULL, '2015-03-18 14:19:51', NULL),
(182, 147, NULL, NULL, NULL, NULL, NULL, NULL, '2015-03-18 14:19:51', NULL),
(183, 147, NULL, NULL, NULL, NULL, NULL, NULL, '2015-03-18 14:19:51', NULL),
(184, 148, NULL, NULL, NULL, NULL, NULL, NULL, '2015-03-18 14:19:51', NULL),
(185, 148, NULL, NULL, NULL, NULL, NULL, NULL, '2015-03-18 14:19:51', NULL),
(186, 148, 'Panamericana Norte 15800 Km. 15 1/2 ', NULL, 'Lampa', NULL, NULL, NULL, '2015-03-18 14:19:51', NULL),
(187, 149, 'Málaga 120', NULL, NULL, NULL, NULL, NULL, '2015-03-18 14:19:51', NULL),
(188, 151, 'Aeropuerto', NULL, NULL, NULL, NULL, NULL, '2015-03-18 14:19:51', NULL),
(189, 152, NULL, NULL, NULL, NULL, NULL, NULL, '2015-03-18 14:19:51', '2015-03-20 12:24:17'),
(190, 153, 'Cerro el Plomo N° 5680 Piso 11', NULL, 'Las Condes', NULL, NULL, NULL, '2015-03-18 14:19:51', NULL),
(191, 155, NULL, NULL, NULL, NULL, NULL, NULL, '2015-03-18 14:19:51', NULL),
(192, 156, NULL, NULL, NULL, NULL, NULL, NULL, '2015-03-18 14:19:51', NULL),
(193, 156, NULL, NULL, NULL, NULL, NULL, NULL, '2015-03-18 14:19:51', NULL),
(194, 156, NULL, NULL, NULL, NULL, NULL, NULL, '2015-03-18 14:19:51', NULL),
(195, 156, NULL, NULL, NULL, NULL, NULL, NULL, '2015-03-18 14:19:51', NULL),
(196, 157, 'Castillo Urizar Sur 3535', NULL, 'Macul', NULL, NULL, NULL, '2015-03-18 14:19:51', NULL),
(197, 159, 'Av. Andrés Bello 2777 of. 604 edif. Las industrias', NULL, 'Vitacura', NULL, NULL, NULL, '2015-03-18 14:19:51', NULL),
(198, 160, NULL, NULL, NULL, NULL, NULL, NULL, '2015-03-18 14:19:51', NULL),
(199, 160, NULL, NULL, NULL, NULL, NULL, NULL, '2015-03-18 14:19:51', NULL),
(200, 160, NULL, NULL, NULL, NULL, NULL, NULL, '2015-03-18 14:19:51', NULL),
(201, 160, 'Apoquindo 4820 piso 14', NULL, 'Las Condes', NULL, NULL, NULL, '2015-03-18 14:19:51', NULL),
(202, 160, NULL, NULL, NULL, NULL, NULL, NULL, '2015-03-18 14:19:51', NULL),
(203, 161, 'Esmeralda 340 piso 10', NULL, 'Iquique', NULL, NULL, NULL, '2015-03-18 14:19:51', NULL),
(204, 163, 'Avda. Providencia 111 piso 12', NULL, 'Providencia', NULL, NULL, NULL, '2015-03-18 14:19:51', NULL),
(205, 163, 'Avda. Providencia 111 piso 19', NULL, 'Providencia', NULL, NULL, NULL, '2015-03-18 14:19:51', NULL),
(206, 163, 'El Bosque Sur 90 Piso 10', NULL, 'Providencia', NULL, NULL, NULL, '2015-03-18 14:19:51', NULL),
(207, 164, 'Huérfanos 770 Piso 10', NULL, 'Santiago', NULL, NULL, NULL, '2015-03-18 14:19:51', NULL),
(208, 165, NULL, NULL, NULL, NULL, NULL, NULL, '2015-03-18 14:19:51', NULL),
(209, 166, 'Avda. Vicuña Mackena 3600', NULL, 'Macul', NULL, NULL, NULL, '2015-03-18 14:19:51', NULL),
(210, 167, 'Av. Eliodoro Yañez 1750', NULL, 'Providencia', NULL, NULL, NULL, '2015-03-18 14:19:51', NULL),
(211, 168, 'Av. El Bosque 500 piso 18', NULL, 'Vitacura', NULL, NULL, NULL, '2015-03-18 14:19:51', NULL),
(212, 169, 'Mariano Sanchez Fontecilla 310 piso 6', NULL, 'Las Condes', NULL, NULL, NULL, '2015-03-18 14:19:51', NULL),
(213, 170, 'Nueva Tajamar 481 piso 5', NULL, 'Santiago', NULL, NULL, NULL, '2015-03-18 14:19:51', NULL),
(214, 171, NULL, NULL, NULL, NULL, NULL, NULL, '2015-03-18 14:19:51', NULL),
(215, 173, 'Álvarez de Toledo 669', NULL, 'San Miguel', NULL, NULL, NULL, '2015-03-18 14:19:51', NULL),
(216, 174, 'Pdte. Eduardo Frei Montalva 8301', NULL, 'Quilicura', NULL, NULL, NULL, '2015-03-18 14:19:51', NULL),
(217, 176, 'Av. Santa Clara #684 piso 2 Ciudad Empresarial', NULL, 'Huechuraba', NULL, NULL, NULL, '2015-03-18 14:19:51', NULL),
(218, 163, 'Avda. Providencia 111', NULL, 'Providencia', NULL, NULL, NULL, '2015-03-18 14:19:51', NULL),
(219, 177, 'Los Conquistadores 1700, Piso 5', NULL, 'Providencia', '+56 2 2345 0400', '', '', '2015-03-19 15:22:27', NULL),
(220, 177, 'Los Conquistadores 1700, Piso 5 ', NULL, 'Providencia', '22345 0400', '', '', '2015-03-19 15:27:08', NULL),
(221, 26, NULL, NULL, NULL, NULL, NULL, NULL, '2015-03-19 15:41:01', NULL),
(222, 46, 'Cerro el plomo 5420 piso 10', NULL, 'Las Condes', NULL, NULL, NULL, '2015-03-18 14:19:51', NULL),
(226, 183, 'pruebaa', NULL, 'Vitacura', '2323232323()+', 'asdasdasdas@asdasd.cl', NULL, '2015-03-27 12:18:28', NULL),
(227, 184, '123123123 wdd', NULL, 'Renca', 'asd1231231', 'estoeueba@estoesunaprueba.cl', NULL, '2015-03-27 12:33:50', '2015-03-27 12:34:31'),
(228, 185, 'Avda. El Bosque Norte 0125', NULL, 'Las Condes', '226362628', 'lgumucio@ohionational.cl', NULL, '2015-04-02 14:52:03', NULL),
(229, 187, 'Marathon 1315', NULL, 'Ñuñoa', '223655000', '', NULL, '2015-04-06 15:32:27', NULL),
(230, 188, 'Miraflores 383 piso 6', NULL, 'Santiago', '222221122', '', NULL, '2015-04-06 15:35:04', NULL),
(231, 189, 'prueba', NULL, 'Valparaiso', '', '', NULL, '2015-04-06 19:19:23', NULL),
(232, 190, 'Torre Santa Maria piso 4', NULL, 'Providencia', '', 'pmunoz@rvc.cl', NULL, '2015-04-15 12:39:27', NULL),
(233, 192, 'Bandera 172', NULL, 'Santiago', '223203633', 'jcotes@santander.cl', NULL, '2015-04-20 15:59:48', NULL),
(234, 193, 'Huérfanos 770 piso 10', NULL, 'Santiago', '226317011', 'apinaud@transbank.cl', NULL, '2015-04-23 15:14:39', NULL),
(235, 194, 'Empresas', NULL, 'Santiago', '+56 2 22805500', 'pamela.fuentes@ltcmanpower.cl', NULL, '2015-04-27 14:25:27', NULL),
(236, 196, 'Vicuña Mackenna 1570', NULL, 'Ñuñoa', '99180120', 'cfarji@elecmetal.cl', NULL, '2015-05-06 14:25:24', NULL),
(237, 197, 'Manuel Rodriguez 730', NULL, 'Santiago', '', 'ptfry@Falabella.cl', NULL, '2015-05-07 12:27:44', NULL),
(238, 198, 'AV. DEL VALLE 819 CIUDAD EMPRESARIAL', NULL, 'Huechuraba', '818 8700', '', NULL, '2015-05-11 14:39:23', NULL),
(239, 199, 'TEATINOS 500', NULL, 'Santiago', '6576635', 'marianela.urriola@sonda.com', NULL, '2015-05-11 14:41:12', NULL),
(240, 200, 'AV. DEL VALLE 787 PISO 5, CIUDAD EMPRESARIAL', NULL, 'Huechuraba', '591 0600', '', NULL, '2015-05-11 14:42:44', NULL),
(241, 201, 'LOS GOBELINOS 2567', NULL, 'Renca', '595 8000', '', NULL, '2015-05-11 14:46:03', NULL),
(242, 202, 'JESUS DIEZ MARTINEZ 730', NULL, 'Santiago', '28227164', '', NULL, '2015-05-11 14:47:41', NULL),
(243, 203, 'SANTO DOMINGO 1725', NULL, 'Santiago', '2009000/2009108', '', NULL, '2015-05-11 14:49:05', NULL),
(244, 204, 'BARROS ERRÁZURIZ 1968 PISO 9', NULL, 'Providencia', '5607000', '', NULL, '2015-05-11 14:50:18', NULL),
(245, 205, 'CERRO PORTEZUELO 9760, P. IND. PORTEZUELO', NULL, 'Quilicura', '498 9600', '', NULL, '2015-05-11 14:51:49', NULL),
(246, 206, 'CAMINO A MELIPILLA 11246', NULL, 'Maipu', '28734700', '', NULL, '2015-05-11 14:53:17', NULL),
(247, 207, 'NVA. DE LYON 72', NULL, 'Providencia', '8763200', '', NULL, '2015-05-11 14:54:53', NULL),
(248, 208, 'APOQUINDO 3885, PISO 16/ EDIF. ALCANTARA', NULL, 'Las Condes', '26751000', '', NULL, '2015-05-11 14:58:11', NULL),
(249, 209, 'AV. PROVIDENCIA 1760 PISO 19', NULL, 'Providencia', '27848570/ 05', '', NULL, '2015-05-11 14:59:39', NULL),
(250, 210, 'AV. AMERICO VESPUCIO 2341', NULL, 'Pudahuel', '6770000', '', NULL, '2015-05-11 15:01:00', NULL),
(251, 211, 'HUERFANOS 812 PISO 18', NULL, 'Santiago', '26377000', '', NULL, '2015-05-11 15:02:29', NULL),
(252, 212, 'Antonio Varas 666', NULL, 'Providencia', '', 'acarrascog@duoc.cl', NULL, '2015-05-12 18:03:55', NULL),
(253, 214, 'Americo Vespucio 1842', NULL, 'Quilicura', '225601600', 'gustavomerino@derco.cl', NULL, '2015-05-13 13:45:04', NULL),
(254, 215, 'Américo Vespucio 1842', NULL, 'Quilicura', '225601559', 'gustavomerino@derco.cl', NULL, '2015-05-13 13:49:16', NULL),
(255, 216, 'Apoquindo 4820 piso 20', NULL, 'Las Condes', '229151652', 'eduardo.valencia@sura.cl', NULL, '2015-05-13 17:45:18', '2015-05-13 17:46:34'),
(256, 217, 'Eliodoro Yañez 1595  ', NULL, 'Providencia', '', 'acarrascog@duoc.cl', NULL, '2015-05-14 14:08:12', NULL),
(257, 219, 'Santa Rosa 537', NULL, 'Santiago', '227141324', '', NULL, '2015-05-15 16:33:41', NULL),
(258, 220, 'direccion 123 direccion 123 direccion 123', NULL, 'Lo Barnechea', '22714 1363', 'sebastian.jamed@indumotora.cl', NULL, '2015-05-15 18:13:56', NULL),
(259, 221, 'Av. Los Leones 1012', NULL, 'Providencia', '223529800', 'pdelcampo@proforma.cl', NULL, '2015-05-18 17:52:34', NULL);

-- --------------------------------------------------------

--
-- Estructura de tabla para la tabla `tblempresa`
--

CREATE TABLE IF NOT EXISTS `tblempresa` (
  `idEmpresa` int(11) NOT NULL AUTO_INCREMENT,
  `nombre` varchar(500) NOT NULL,
  `observacionesEmpresa` varchar(1000) DEFAULT NULL,
  `created_at` timestamp NULL DEFAULT CURRENT_TIMESTAMP,
  `updated_at` timestamp NULL DEFAULT NULL ON UPDATE CURRENT_TIMESTAMP,
  PRIMARY KEY (`idEmpresa`)
) ENGINE=InnoDB  DEFAULT CHARSET=latin1 AUTO_INCREMENT=222 ;

--
-- Volcado de datos para la tabla `tblempresa`
--

INSERT INTO `tblempresa` (`idEmpresa`, `nombre`, `observacionesEmpresa`, `created_at`, `updated_at`) VALUES
(1, 'Achs', NULL, '2015-03-17 16:50:39', NULL),
(2, 'Afp Cuprum', NULL, '2015-03-17 16:50:39', NULL),
(3, 'Agrosuper', NULL, '2015-03-17 16:50:39', NULL),
(4, 'Angloamerica', NULL, '2015-03-17 16:50:39', NULL),
(5, 'Antofagasta Minerals', NULL, '2015-03-17 16:50:39', NULL),
(6, 'Aramark', NULL, '2015-03-17 16:50:39', NULL),
(7, 'Arauco', NULL, '2015-03-17 16:50:39', NULL),
(8, 'Aseguradora Magallanes', NULL, '2015-03-17 16:50:39', NULL),
(9, 'Atento', NULL, '2015-03-17 16:50:39', NULL),
(10, 'Avon', NULL, '2015-03-17 16:50:39', NULL),
(11, 'Banco Consorcio', NULL, '2015-03-17 16:50:39', NULL),
(12, 'Banco De Chile', NULL, '2015-03-17 16:50:39', NULL),
(13, 'Banco Estado', NULL, '2015-03-17 16:50:39', NULL),
(14, 'Banco Estado (Microempresas)', NULL, '2015-03-17 16:50:39', NULL),
(15, 'Banco Falabella', NULL, '2015-03-17 16:50:39', NULL),
(16, 'Banco Itaú', NULL, '2015-03-17 16:50:39', NULL),
(17, 'Banco Santander', NULL, '2015-03-17 16:50:39', NULL),
(18, 'Banco Scotiabank', NULL, '2015-03-17 16:50:39', NULL),
(19, 'Bbva', NULL, '2015-03-17 16:50:39', NULL),
(20, 'Bci', NULL, '2015-03-17 16:50:39', NULL),
(21, 'Bci Seguros', NULL, '2015-03-17 16:50:39', NULL),
(22, 'Be Capitals', NULL, '2015-03-17 16:50:39', NULL),
(23, 'Beme', NULL, '2015-03-17 16:50:39', NULL),
(24, 'Besalco Sa', NULL, '2015-03-17 16:50:39', NULL),
(25, 'Bice', NULL, '2015-03-17 16:50:39', NULL),
(26, 'Brotec-Icafal', NULL, '2015-03-17 16:50:39', NULL),
(27, 'Caffarena Sa', NULL, '2015-03-17 16:50:39', NULL),
(28, 'Caja De Compensación 18 De Septiembre', NULL, '2015-03-17 16:50:39', NULL),
(29, 'Caja De Compensación Los Heroes', NULL, '2015-03-17 16:50:39', NULL),
(30, 'Caja La Araucana', NULL, '2015-03-17 16:50:39', NULL),
(31, 'Caja Los Andes', NULL, '2015-03-17 16:50:39', NULL),
(32, 'Camanchaca', NULL, '2015-03-17 16:50:39', NULL),
(33, 'Cámara Argentina', NULL, '2015-03-17 16:50:39', NULL),
(34, 'Cámara Chileno Alemana', NULL, '2015-03-17 16:50:39', NULL),
(35, 'Cámara De Comercio', NULL, '2015-03-17 16:50:39', NULL),
(36, 'Cardif', NULL, '2015-03-17 16:50:39', NULL),
(37, 'Carozzi', NULL, '2015-03-17 16:50:39', NULL),
(38, 'Casa E Ideas', NULL, '2015-03-17 16:50:39', NULL),
(39, 'Cencosud', NULL, '2015-03-17 16:50:39', NULL),
(40, 'Ceramicas Cordillera', NULL, '2015-03-17 16:50:39', NULL),
(41, 'Chilectra Sa', NULL, '2015-03-17 16:50:39', NULL),
(42, 'Chilexpress', NULL, '2015-03-17 16:50:39', NULL),
(43, 'Chilquinta', NULL, '2015-03-17 16:50:39', NULL),
(44, 'Cic', NULL, '2015-03-17 16:50:39', NULL),
(45, 'Claro', NULL, '2015-03-17 16:50:39', NULL),
(46, 'Claro Vicuña Valenzuela', NULL, '2015-03-17 16:50:39', NULL),
(47, 'Clinica Alemana', NULL, '2015-03-17 16:50:39', NULL),
(48, 'Clínica Las Condes', NULL, '2015-03-17 16:50:39', NULL),
(49, 'Coasin Chile', NULL, '2015-03-17 16:50:39', NULL),
(50, 'Cobra Chile', NULL, '2015-03-17 16:50:39', NULL),
(51, 'Coca Cola Andina', NULL, '2015-03-17 16:50:39', NULL),
(52, 'Colbun', NULL, '2015-03-17 16:50:39', NULL),
(53, 'Collahuasi', NULL, '2015-03-17 16:50:39', NULL),
(54, 'Concha Y Toro', NULL, '2015-03-17 16:50:39', NULL),
(55, 'Consorcio', NULL, '2015-03-17 16:50:39', NULL),
(56, 'Coopeuch', NULL, '2015-03-17 16:50:39', NULL),
(57, 'Copec', NULL, '2015-03-17 16:50:39', NULL),
(58, 'Copesa', NULL, '2015-03-17 16:50:39', NULL),
(59, 'Corfo', NULL, '2015-03-17 16:50:39', NULL),
(60, 'Corona', NULL, '2015-03-17 16:50:39', NULL),
(61, 'Correos De Chile', NULL, '2015-03-17 16:50:39', NULL),
(62, 'Cruz Verde', NULL, '2015-03-17 16:50:39', NULL),
(63, 'Derco', NULL, '2015-03-17 16:50:39', NULL),
(64, 'Direct Tv Chile', NULL, '2015-03-17 16:50:39', NULL),
(65, 'División De Educación', NULL, '2015-03-17 16:50:39', NULL),
(66, 'Dole Chile Sa', NULL, '2015-03-17 16:50:39', NULL),
(67, 'Duoc', NULL, '2015-03-17 16:50:39', NULL),
(68, 'Efe', NULL, '2015-03-17 16:50:39', NULL),
(69, 'Eisa', NULL, '2015-03-17 16:50:39', NULL),
(70, 'El Mercurio', NULL, '2015-03-17 16:50:39', NULL),
(71, 'Electricidad Gobantes', NULL, '2015-03-17 16:50:39', NULL),
(72, 'Empresas Luchetti', NULL, '2015-03-17 16:50:39', NULL),
(73, 'Enaex', NULL, '2015-03-17 16:50:39', NULL),
(74, 'Endesa', NULL, '2015-03-17 16:50:39', NULL),
(75, 'Enex (Terpel-Shell)', NULL, '2015-03-17 16:50:39', NULL),
(76, 'Entel', NULL, '2015-03-17 16:50:39', NULL),
(77, 'Equifax', NULL, '2015-03-17 16:50:39', NULL),
(78, 'Ernst Young', NULL, '2015-03-17 16:50:39', NULL),
(79, 'Errázuriz', NULL, '2015-03-17 16:50:39', NULL),
(80, 'Escuela De Seguros', NULL, '2015-03-17 16:50:39', NULL),
(81, 'Espacio Riesco', NULL, '2015-03-17 16:50:39', NULL),
(82, 'Esval', NULL, '2015-03-17 16:50:39', NULL),
(83, 'Falabella', NULL, '2015-03-17 16:50:39', NULL),
(84, 'Fasa', NULL, '2015-03-17 16:50:39', NULL),
(85, 'Fashion Park', NULL, '2015-03-17 16:50:39', NULL),
(86, 'Glencore', NULL, '2015-03-17 16:50:39', NULL),
(87, 'Gms', NULL, '2015-03-17 16:50:39', NULL),
(88, 'Hertz', NULL, '2015-03-17 16:50:39', NULL),
(89, 'Integramedica', NULL, '2015-03-17 16:50:39', NULL),
(90, 'Isapre Banmedica', NULL, '2015-03-17 16:50:39', NULL),
(91, 'Isapre Consalud', NULL, '2015-03-17 16:50:39', NULL),
(92, 'Isapre Cruz Blanca', NULL, '2015-03-17 16:50:39', NULL),
(93, 'Isapre Masvida', NULL, '2015-03-17 16:50:39', NULL),
(94, 'Kentucky', NULL, '2015-03-17 16:50:39', NULL),
(95, 'Komatsu', NULL, '2015-03-17 16:50:39', NULL),
(96, 'La Polar', NULL, '2015-03-17 16:50:39', NULL),
(97, 'Laboratorios Maver', NULL, '2015-03-17 16:50:39', NULL),
(98, 'Lan', NULL, '2015-03-17 16:50:39', NULL),
(99, 'Lipigas', NULL, '2015-03-17 16:50:39', NULL),
(100, 'Lounge', NULL, '2015-03-17 16:50:39', NULL),
(101, 'Lundining Minning', NULL, '2015-03-17 16:50:39', NULL),
(102, 'Maco', NULL, '2015-03-17 16:50:39', NULL),
(103, 'Mapfre', NULL, '2015-03-17 16:50:39', NULL),
(104, 'Metlife', NULL, '2015-03-17 16:50:39', NULL),
(105, 'Metro', NULL, '2015-03-17 16:50:39', NULL),
(106, 'Minera Candelaria', NULL, '2015-03-17 16:50:39', NULL),
(107, 'Minera Centinela', NULL, '2015-03-17 16:50:39', NULL),
(108, 'Minera El Abra', NULL, '2015-03-17 16:50:39', NULL),
(109, 'Minera El Tesoro', NULL, '2015-03-17 16:50:39', NULL),
(110, 'Minera Esperanza', NULL, '2015-03-17 16:50:39', NULL),
(111, 'Minera Lomas Bayas', NULL, '2015-03-17 16:50:39', NULL),
(112, 'Minvest', NULL, '2015-03-17 16:50:39', NULL),
(113, 'Msc Chile', NULL, '2015-03-17 16:50:39', NULL),
(114, 'Multivac Chile S.A.', NULL, '2015-03-17 16:50:39', NULL),
(115, 'Mutual De Seguridad', NULL, '2015-03-17 16:50:39', NULL),
(116, 'Nestlé', NULL, '2015-03-17 16:50:39', NULL),
(117, 'Nextel', NULL, '2015-03-17 16:50:39', NULL),
(118, 'Nexus', NULL, '2015-03-17 16:50:39', NULL),
(119, 'Parque Del Recuerdo', NULL, '2015-03-17 16:50:39', NULL),
(120, 'Pdi', NULL, '2015-03-17 16:50:39', NULL),
(121, 'Penta Vida', NULL, '2015-03-17 16:50:39', NULL),
(122, 'Petrobras', NULL, '2015-03-17 16:50:39', NULL),
(123, 'Poder Judicial', NULL, '2015-03-17 16:50:39', NULL),
(124, 'Porsche', NULL, '2015-03-17 16:50:39', NULL),
(125, 'Portal Inmobiliario', NULL, '2015-03-17 16:50:39', NULL),
(126, 'Presto', NULL, '2015-03-17 16:50:39', NULL),
(127, 'Principal Financial Group', NULL, '2015-03-17 16:50:39', NULL),
(128, 'Procter&Gamble Chile', NULL, '2015-03-17 16:50:39', NULL),
(129, 'Prosegur', NULL, '2015-03-17 16:50:39', NULL),
(130, 'Puig', NULL, '2015-03-17 16:50:39', NULL),
(131, 'Purocobre', NULL, '2015-03-17 16:50:39', NULL),
(132, 'Rabobank', NULL, '2015-03-17 16:50:39', NULL),
(133, 'Renta Nacional De Seguros', NULL, '2015-03-17 16:50:39', NULL),
(134, 'Ripley', NULL, '2015-03-17 16:50:39', NULL),
(135, 'Rosen', NULL, '2015-03-17 16:50:39', NULL),
(136, 'Rsa Seguros De Chile', NULL, '2015-03-17 16:50:39', NULL),
(137, 'Sag', NULL, '2015-03-17 16:50:39', NULL),
(138, 'Salcobrand', NULL, '2015-03-17 16:50:39', NULL),
(139, 'Salinas Y Fabres', NULL, '2015-03-17 16:50:39', NULL),
(140, 'Santander', NULL, '2015-03-17 16:50:39', NULL),
(141, 'Scotiabank', NULL, '2015-03-17 16:50:39', NULL),
(142, 'Seminarium', NULL, '2015-03-17 16:50:39', NULL),
(143, 'Siemens', NULL, '2015-03-17 16:50:39', NULL),
(144, 'Sigro S.A.', NULL, '2015-03-17 16:50:39', NULL),
(145, 'Sinacofi', NULL, '2015-03-17 16:50:39', NULL),
(146, 'Sitrans', NULL, '2015-03-17 16:50:39', NULL),
(147, 'Sk Bergé', NULL, '2015-03-17 16:50:39', NULL),
(148, 'Skc', NULL, '2015-03-17 16:50:39', NULL),
(149, 'Skc Chile', NULL, '2015-03-17 16:50:39', NULL),
(150, 'Skechers', NULL, '2015-03-17 16:50:39', NULL),
(151, 'Sky', NULL, '2015-03-17 16:50:39', NULL),
(152, 'Sky Airlines', NULL, '2015-03-17 16:50:39', NULL),
(153, 'Smu', NULL, '2015-03-17 16:50:39', NULL),
(154, 'Socofar', NULL, '2015-03-17 16:50:39', NULL),
(155, 'Sodexo', NULL, '2015-03-17 16:50:39', NULL),
(156, 'Sodimac', NULL, '2015-03-17 16:50:39', NULL),
(157, 'Solucorp', NULL, '2015-03-17 16:50:39', NULL),
(158, 'Starbucks', NULL, '2015-03-17 16:50:39', NULL),
(159, 'Suksa (Nuevo)', NULL, '2015-03-17 16:50:39', NULL),
(160, 'Sura', NULL, '2015-03-17 16:50:39', NULL),
(161, 'Teck Quebrada Blanca', NULL, '2015-03-17 16:50:39', NULL),
(162, 'Teck Quiebrada Blanca', NULL, '2015-03-17 16:50:39', NULL),
(163, 'Telefónica', NULL, '2015-03-17 16:50:39', NULL),
(164, 'Transbank', NULL, '2015-03-17 16:50:39', NULL),
(165, 'Transelec', NULL, '2015-03-17 16:50:39', NULL),
(166, 'Tricot', NULL, '2015-03-17 16:50:39', NULL),
(167, 'Ugs', NULL, '2015-03-17 16:50:39', NULL),
(168, 'Ultramar', NULL, '2015-03-17 16:50:39', NULL),
(169, 'Universidad Andrés Bello', NULL, '2015-03-17 16:50:39', NULL),
(170, 'Viña Errázuriz', NULL, '2015-03-17 16:50:39', NULL),
(171, 'Viña Miguel Torres', NULL, '2015-03-17 16:50:39', NULL),
(172, 'Viña San Pedro', NULL, '2015-03-17 16:50:39', NULL),
(173, 'Vogt', NULL, '2015-03-17 16:50:39', NULL),
(174, 'Walmart', NULL, '2015-03-17 16:50:39', NULL),
(175, 'Williamson Balfour', NULL, '2015-03-17 16:50:39', NULL),
(176, 'Xerox', NULL, '2015-03-17 16:50:39', NULL),
(177, 'RVC', 'Empresa constructora con alrededor de 2,000 personas ', '2015-03-19 15:20:27', NULL),
(183, 'pruebaa', NULL, '2015-03-27 12:18:15', NULL),
(184, 'estoesunapruebad', NULL, '2015-03-27 12:33:31', '2015-03-27 12:34:22'),
(185, 'Ohio National Seguros de Vida SA', NULL, '2015-04-02 14:50:31', NULL),
(186, 'Laboratorios Chile', NULL, '2015-04-06 12:56:00', NULL),
(187, 'Laboratorios Chile', NULL, '2015-04-06 15:30:43', NULL),
(188, 'Fasa', NULL, '2015-04-06 15:33:48', NULL),
(189, 'prueba', NULL, '2015-04-06 19:19:19', NULL),
(190, 'RSV', NULL, '2015-04-15 12:37:44', NULL),
(191, 'santander', NULL, '2015-04-20 15:57:56', NULL),
(192, 'Santander', NULL, '2015-04-20 15:58:29', NULL),
(193, 'Transbank', NULL, '2015-04-23 15:13:30', NULL),
(194, 'Manpower', NULL, '2015-04-27 14:24:18', NULL),
(195, 'Elec Metal', NULL, '2015-05-06 14:24:36', NULL),
(196, 'Elec Metal', NULL, '2015-05-06 14:24:36', NULL),
(197, 'Falabella', NULL, '2015-05-07 12:26:54', NULL),
(198, 'RENDIC HNOS. S.A.', NULL, '2015-05-11 14:38:29', NULL),
(199, 'SONDA', NULL, '2015-05-11 14:40:27', NULL),
(200, 'COMPASS CATERING S.A.', NULL, '2015-05-11 14:42:23', NULL),
(201, 'PROSEGUR', NULL, '2015-05-11 14:44:01', NULL),
(202, 'TUR BUS EMPRESA DE TRANSPORTES RURALES LTDA.', NULL, '2015-05-11 14:47:10', NULL),
(203, 'ATENTO CHILE S.A.', NULL, '2015-05-11 14:48:46', NULL),
(204, 'CEMENTOS BIO BIO S.A.', NULL, '2015-05-11 14:50:01', NULL),
(205, 'ZUBLIN INTERNATIONAL GMBH CHILE LTDA.', NULL, '2015-05-11 14:51:14', NULL),
(206, 'ALIMENTOS FRUNA LTDA.', NULL, '2015-05-11 14:52:52', NULL),
(207, 'FLSMIDTH MINERALS S.A.', NULL, '2015-05-11 14:54:28', NULL),
(208, 'BECHTEL CHILE LTDA.', NULL, '2015-05-11 14:57:39', NULL),
(209, 'TNT EXPRESS CHILE LTDA.', NULL, '2015-05-11 14:59:19', NULL),
(210, 'CONSORCIO INDUSTRIAL DE ALIMENTOS S.A.', NULL, '2015-05-11 15:00:31', NULL),
(211, 'AGENCIA DE ADUANAS EDMUNDO BROWNE LTDA.', NULL, '2015-05-11 15:02:04', NULL),
(212, 'Duoc', NULL, '2015-05-12 18:01:02', NULL),
(213, 'Derco', NULL, '2015-05-13 13:43:11', NULL),
(214, 'Derco', NULL, '2015-05-13 13:44:18', NULL),
(215, 'Derco', NULL, '2015-05-13 13:48:40', NULL),
(216, 'Sura', NULL, '2015-05-13 17:44:42', NULL),
(217, 'Duoc', NULL, '2015-05-14 14:07:46', NULL),
(218, 'Indumotora', NULL, '2015-05-15 16:30:45', NULL),
(219, 'Indumotora', NULL, '2015-05-15 16:33:03', NULL),
(220, 'EMPRESA DE PRUEBA', NULL, '2015-05-15 18:13:15', NULL),
(221, 'Proforma', NULL, '2015-05-18 17:51:49', NULL);

-- --------------------------------------------------------

--
-- Estructura de tabla para la tabla `tblusuario`
--

CREATE TABLE IF NOT EXISTS `tblusuario` (
  `idUsuario` int(11) NOT NULL AUTO_INCREMENT,
  `rut` varchar(9) NOT NULL,
  `email` varchar(60) NOT NULL,
  `password` varchar(255) NOT NULL,
  `nombreUsuario` varchar(30) NOT NULL,
  `apellidoUsuario` varchar(30) NOT NULL,
  `remember_token` varchar(100) DEFAULT NULL,
  PRIMARY KEY (`idUsuario`)
) ENGINE=InnoDB  DEFAULT CHARSET=latin1 AUTO_INCREMENT=8 ;

--
-- Volcado de datos para la tabla `tblusuario`
--

INSERT INTO `tblusuario` (`idUsuario`, `rut`, `email`, `password`, `nombreUsuario`, `apellidoUsuario`, `remember_token`) VALUES
(1, '183858629', 'ccanales@vgroup.cl', '$2y$10$TSr/RQUhOsU69MnzuvdMxumTz9sTdz6qGMXkTUeAzKoBnk8Vena66', 'Cristian', 'Canales', 'rAoGNRnueGLTaVUzvfQM2nUq36qhPKNIVog4gpIFPP6ea6ONNRLJVOTU0UUv'),
(2, '97975760', 'dkrauss@vgroup.cl', '$2y$10$TSr/RQUhOsU69MnzuvdMxumTz9sTdz6qGMXkTUeAzKoBnk8Vena66', 'Daniela', 'Krauss', 'TrP2sPQU1IzCpBVAsYLXuhDzpRJwyOn6LKi122lIAj1eCGH8C9L9PwhfIZ6y'),
(3, '132328439', 'mcarmona@vgroup.cl', '$2y$10$TSr/RQUhOsU69MnzuvdMxumTz9sTdz6qGMXkTUeAzKoBnk8Vena66', 'Macarena', 'Carmona', '0RgfV8wlnYJJoyDzj5mHvelmehT1cvyrYZE3IN2WvCZzXYcDRCnko2ki2veE'),
(4, '144214870', 'pmartinez@vgroup.cl', '$2y$10$TSr/RQUhOsU69MnzuvdMxumTz9sTdz6qGMXkTUeAzKoBnk8Vena66', 'Patricia', 'Martinez', ''),
(5, '134696559', 'aqueralto@vgroup.cl', '$2y$10$TSr/RQUhOsU69MnzuvdMxumTz9sTdz6qGMXkTUeAzKoBnk8Vena66', 'Alejandra', 'Queraltó', 'yREiVxtLJ7jqpN6qpc6Lso4Vvf6mEuDfWaRrRzK9TVJ5MIktIvqdHqUyjkck'),
(6, '144581180', 'gpozzi@vgroup.cl', '$2y$10$TSr/RQUhOsU69MnzuvdMxumTz9sTdz6qGMXkTUeAzKoBnk8Vena66', 'Gia', 'Pozzi', '2LeE6mKdoux12oL9A5kj5dEFwLoBnruB1yTnz8b7dV51fzTWBueNoFivczXg'),
(7, '111111111', 'mauger@vgroup.cl', '$2y$10$TSr/RQUhOsU69MnzuvdMxumTz9sTdz6qGMXkTUeAzKoBnk8Vena66', 'Mane', '', 'SO82ybzdUYtpiLWyIVRmvjgqEjjVZfGzrXTervbYByHtlrCci22JL2EEUeu6');

/*!40101 SET CHARACTER_SET_CLIENT=@OLD_CHARACTER_SET_CLIENT */;
/*!40101 SET CHARACTER_SET_RESULTS=@OLD_CHARACTER_SET_RESULTS */;
/*!40101 SET COLLATION_CONNECTION=@OLD_COLLATION_CONNECTION */;
